longitude,latitude,start_date,end_date,label
-52.21525,-21.079193,2025-09-14,2026-08-10,Forest
-52.40713,-21.055477,2025-09-14,2026-08-10,Forest
-52.383414,-21.055477,2025-09-14,2026-08-10,Forest
-52.4869,-21.066257,2025-09-14,2026-08-10,Forest
-52.398506,-21.051165,2025-09-14,2026-08-10,Forest
-52.379102,-21.051165,2025-09-14,2026-08-10,Forest
-52.20447,-21.066257,2025-09-14,2026-08-10,Forest
-52.389882,-21.057633,2025-09-14,2026-08-10,Forest
-52.480432,-21.066257,2025-09-14,2026-08-10,Forest
-52.269149,-21.049009,2025-09-14,2026-08-10,Forest
-52.376946,-21.046853,2025-09-14,2026-08-10,Forest
-52.47612,-21.055477,2025-09-14,2026-08-10,Forest
-52.20447,-21.074881,2025-09-14,2026-08-10,Forest
-52.40713,-21.057633,2025-09-14,2026-08-10,Forest
-52.269149,-21.042541,2025-09-14,2026-08-10,Forest
-52.37479,-21.057633,2025-09-14,2026-08-10,Forest
-52.379102,-21.055477,2025-09-14,2026-08-10,Forest
-52.38557,-21.061945,2025-09-14,2026-08-10,Forest
-52.484744,-21.059789,2025-09-14,2026-08-10,Forest
-52.478276,-21.057633,2025-09-14,2026-08-10,Forest
-52.282084,-21.079193,2025-09-14,2026-08-10,Forest
-52.484744,-21.061945,2025-09-14,2026-08-10,Forest
-52.398506,-21.053321,2025-09-14,2026-08-10,Forest
-52.379102,-21.057633,2025-09-14,2026-08-10,Forest
-52.437313,-21.066257,2025-09-14,2026-08-10,Forest
-52.381258,-21.059789,2025-09-14,2026-08-10,Forest
-52.021214,-21.053321,2025-09-14,2026-08-10,Forest
-52.213094,-21.064101,2025-09-14,2026-08-10,Forest
-52.400662,-21.051165,2025-09-14,2026-08-10,Forest
-52.39635,-21.059789,2025-09-14,2026-08-10,Forest
-52.275616,-21.053321,2025-09-14,2026-08-10,Forest
-52.4869,-21.051165,2025-09-14,2026-08-10,Forest
-52.392038,-21.064101,2025-09-14,2026-08-10,Forest
-52.415754,-21.049009,2025-09-14,2026-08-10,Forest
-52.478276,-21.059789,2025-09-14,2026-08-10,Forest
-52.014746,-21.053321,2025-09-14,2026-08-10,Forest
-52.20447,-21.079193,2025-09-14,2026-08-10,Forest
-52.202314,-21.081349,2025-09-14,2026-08-10,Forest
-52.290708,-21.085661,2025-09-14,2026-08-10,Forest
-52.39635,-21.066257,2025-09-14,2026-08-10,Forest
-52.271304,-21.051165,2025-09-14,2026-08-10,Forest
-52.275616,-21.061945,2025-09-14,2026-08-10,Forest
-52.443781,-21.055477,2025-09-14,2026-08-10,Forest
-52.398506,-21.055477,2025-09-14,2026-08-10,Forest
-52.28424,-21.081349,2025-09-14,2026-08-10,Forest
-52.202314,-21.070569,2025-09-14,2026-08-10,Forest
-52.019058,-21.051165,2025-09-14,2026-08-10,Forest
-52.148415,-21.059789,2025-09-14,2026-08-10,Forest
-52.39635,-21.051165,2025-09-14,2026-08-10,Forest
-52.482588,-21.066257,2025-09-14,2026-08-10,Forest
-52.379102,-21.046853,2025-09-14,2026-08-10,Forest
-52.282084,-21.057633,2025-09-14,2026-08-10,Forest
-52.484744,-21.049009,2025-09-14,2026-08-10,Forest
-52.277772,-21.068413,2025-09-14,2026-08-10,Forest
-52.381258,-21.064101,2025-09-14,2026-08-10,Forest
-52.206626,-21.066257,2025-09-14,2026-08-10,Forest
-52.27346,-21.057633,2025-09-14,2026-08-10,Forest
-52.282084,-21.051165,2025-09-14,2026-08-10,Forest
-52.49768,-21.046853,2025-09-14,2026-08-10,Forest
-52.402818,-21.057633,2025-09-14,2026-08-10,Forest
-52.381258,-21.049009,2025-09-14,2026-08-10,Forest
-52.279928,-21.053321,2025-09-14,2026-08-10,Forest
-52.501992,-21.081349,2025-09-14,2026-08-10,Forest
-52.383414,-21.068413,2025-09-14,2026-08-10,Forest
-52.040617,-21.044697,2025-09-14,2026-08-10,Forest
-52.527863,-21.049009,2025-09-14,2026-08-10,Forest
-52.491212,-21.061945,2025-09-14,2026-08-10,Forest
-52.40713,-21.049009,2025-09-14,2026-08-10,Forest
-52.437313,-21.068413,2025-09-14,2026-08-10,Forest
-52.441625,-21.055477,2025-09-14,2026-08-10,Forest
-52.439469,-21.064101,2025-09-14,2026-08-10,Forest
-52.27346,-21.049009,2025-09-14,2026-08-10,Forest
-52.20447,-21.077037,2025-09-14,2026-08-10,Forest
-52.269149,-21.051165,2025-09-14,2026-08-10,Forest
-52.38557,-21.055477,2025-09-14,2026-08-10,Forest
-52.39635,-21.055477,2025-09-14,2026-08-10,Forest
-52.275616,-21.057633,2025-09-14,2026-08-10,Forest
-52.279928,-21.044697,2025-09-14,2026-08-10,Forest
-52.210938,-21.066257,2025-09-14,2026-08-10,Forest
-52.198002,-21.079193,2025-09-14,2026-08-10,Forest
-52.208782,-21.064101,2025-09-14,2026-08-10,Forest
-52.499836,-21.079193,2025-09-14,2026-08-10,Forest
-52.39635,-21.079193,2025-09-14,2026-08-10,Forest
-52.398506,-21.046853,2025-09-14,2026-08-10,Forest
-52.357543,-21.064101,2025-09-14,2026-08-10,Forest
-52.484744,-21.068413,2025-09-14,2026-08-10,Forest
-52.39635,-21.053321,2025-09-14,2026-08-10,Forest
-52.400662,-21.046853,2025-09-14,2026-08-10,Forest
-52.381258,-21.079193,2025-09-14,2026-08-10,Forest
-52.213094,-21.066257,2025-09-14,2026-08-10,Forest
-52.206626,-21.068413,2025-09-14,2026-08-10,Forest
-52.389882,-21.044697,2025-09-14,2026-08-10,Forest
-52.39635,-21.049009,2025-09-14,2026-08-10,Forest
-52.39635,-21.046853,2025-09-14,2026-08-10,Forest
-52.525707,-21.053321,2025-09-14,2026-08-10,Forest
-52.279928,-21.057633,2025-09-14,2026-08-10,Forest
-52.489056,-21.055477,2025-09-14,2026-08-10,Forest
-52.025525,-21.059789,2025-09-14,2026-08-10,Forest
-52.376946,-21.051165,2025-09-14,2026-08-10,Forest
-52.473964,-21.057633,2025-09-14,2026-08-10,Forest
-52.27346,-21.042541,2025-09-14,2026-08-10,Forest
-52.379102,-21.083505,2025-09-14,2026-08-10,Forest
-52.394194,-21.044697,2025-09-14,2026-08-10,Forest
-52.392038,-21.055477,2025-09-14,2026-08-10,Forest
-52.208782,-21.074881,2025-09-14,2026-08-10,Forest
-52.206626,-21.081349,2025-09-14,2026-08-10,Forest
-52.279928,-21.070569,2025-09-14,2026-08-10,Forest
-52.019058,-21.059789,2025-09-14,2026-08-10,Forest
-52.381258,-21.061945,2025-09-14,2026-08-10,Forest
-52.019058,-21.057633,2025-09-14,2026-08-10,Forest
-52.208782,-21.085661,2025-09-14,2026-08-10,Forest
-52.381258,-21.051165,2025-09-14,2026-08-10,Forest
-52.286396,-21.083505,2025-09-14,2026-08-10,Forest
-52.495524,-21.046853,2025-09-14,2026-08-10,Forest
-52.286396,-21.064101,2025-09-14,2026-08-10,Forest
-52.021214,-21.059789,2025-09-14,2026-08-10,Forest
-52.441625,-21.061945,2025-09-14,2026-08-10,Forest
-52.493368,-21.077037,2025-09-14,2026-08-10,Forest
-52.383414,-21.044697,2025-09-14,2026-08-10,Forest
-52.279928,-21.049009,2025-09-14,2026-08-10,Forest
-52.389882,-21.059789,2025-09-14,2026-08-10,Forest
-52.271304,-21.046853,2025-09-14,2026-08-10,Forest
-52.271304,-21.055477,2025-09-14,2026-08-10,Forest
-52.392038,-21.066257,2025-09-14,2026-08-10,Forest
-52.491212,-21.059789,2025-09-14,2026-08-10,Forest
-52.217406,-21.074881,2025-09-14,2026-08-10,Forest
-52.277772,-21.051165,2025-09-14,2026-08-10,Forest
-52.206626,-21.070569,2025-09-14,2026-08-10,Forest
-52.210938,-21.064101,2025-09-14,2026-08-10,Forest
-52.279928,-21.061945,2025-09-14,2026-08-10,Forest
-52.282084,-21.077037,2025-09-14,2026-08-10,Forest
-52.208782,-21.068413,2025-09-14,2026-08-10,Forest
-52.439469,-21.070569,2025-09-14,2026-08-10,Forest
-52.282084,-21.083505,2025-09-14,2026-08-10,Forest
-52.288552,-21.061945,2025-09-14,2026-08-10,Forest
-52.016902,-21.053321,2025-09-14,2026-08-10,Forest
-52.394194,-21.066257,2025-09-14,2026-08-10,Forest
-52.286396,-21.059789,2025-09-14,2026-08-10,Forest
-52.443781,-21.057633,2025-09-14,2026-08-10,Forest
-52.019058,-21.053321,2025-09-14,2026-08-10,Forest
-52.473964,-21.059789,2025-09-14,2026-08-10,Forest
-52.435157,-21.070569,2025-09-14,2026-08-10,Forest
-52.044929,-21.051165,2025-09-14,2026-08-10,Forest
-52.383414,-21.061945,2025-09-14,2026-08-10,Forest
-52.493368,-21.081349,2025-09-14,2026-08-10,Forest
-52.404974,-21.059789,2025-09-14,2026-08-10,Forest
-52.200158,-21.083505,2025-09-14,2026-08-10,Forest
-52.198002,-21.072725,2025-09-14,2026-08-10,Forest
-52.4869,-21.053321,2025-09-14,2026-08-10,Forest
-52.282084,-21.064101,2025-09-14,2026-08-10,Forest
-52.402818,-21.042541,2025-09-14,2026-08-10,Forest
-52.413598,-21.053321,2025-09-14,2026-08-10,Forest
-52.441625,-21.059789,2025-09-14,2026-08-10,Forest
-52.530019,-21.053321,2025-09-14,2026-08-10,Forest
-52.445937,-21.059789,2025-09-14,2026-08-10,Forest
-52.279928,-21.077037,2025-09-14,2026-08-10,Forest
-52.376946,-21.055477,2025-09-14,2026-08-10,Forest
-52.279928,-21.051165,2025-09-14,2026-08-10,Forest
-52.473964,-21.053321,2025-09-14,2026-08-10,Forest
-52.409286,-21.055477,2025-09-14,2026-08-10,Forest
-52.394194,-21.057633,2025-09-14,2026-08-10,Forest
-52.275616,-21.055477,2025-09-14,2026-08-10,Forest
-52.471808,-21.055477,2025-09-14,2026-08-10,Forest
-52.379102,-21.053321,2025-09-14,2026-08-10,Forest
-52.023369,-21.059789,2025-09-14,2026-08-10,Forest
-52.381258,-21.066257,2025-09-14,2026-08-10,Forest
-52.27346,-21.046853,2025-09-14,2026-08-10,Forest
-52.198002,-21.077037,2025-09-14,2026-08-10,Forest
-52.269149,-21.044697,2025-09-14,2026-08-10,Forest
-52.213094,-21.077037,2025-09-14,2026-08-10,Forest
-52.392038,-21.053321,2025-09-14,2026-08-10,Forest
-52.441625,-21.068413,2025-09-14,2026-08-10,Forest
-52.47612,-21.059789,2025-09-14,2026-08-10,Forest
-52.37479,-21.044697,2025-09-14,2026-08-10,Forest
-52.379102,-21.085661,2025-09-14,2026-08-10,Forest
-52.372634,-21.046853,2025-09-14,2026-08-10,Forest
-52.501992,-21.077037,2025-09-14,2026-08-10,Forest
-52.277772,-21.061945,2025-09-14,2026-08-10,Forest
-52.394194,-21.053321,2025-09-14,2026-08-10,Forest
-52.042773,-21.051165,2025-09-14,2026-08-10,Forest
-52.202314,-21.077037,2025-09-14,2026-08-10,Forest
-52.200158,-21.072725,2025-09-14,2026-08-10,Forest
-52.501992,-21.083505,2025-09-14,2026-08-10,Forest
-52.402818,-21.053321,2025-09-14,2026-08-10,Forest
-52.499836,-21.081349,2025-09-14,2026-08-10,Forest
-52.277772,-21.064101,2025-09-14,2026-08-10,Forest
-52.443781,-21.061945,2025-09-14,2026-08-10,Forest
-52.525707,-21.051165,2025-09-14,2026-08-10,Forest
-52.021214,-21.057633,2025-09-14,2026-08-10,Forest
-52.379102,-21.042541,2025-09-14,2026-08-10,Forest
-52.379102,-21.059789,2025-09-14,2026-08-10,Forest
-52.372634,-21.055477,2025-09-14,2026-08-10,Forest
-52.266993,-21.042541,2025-09-14,2026-08-10,Forest
-52.493368,-21.074881,2025-09-14,2026-08-10,Forest
-52.392038,-21.057633,2025-09-14,2026-08-10,Forest
-52.279928,-21.059789,2025-09-14,2026-08-10,Forest
-52.480432,-21.055477,2025-09-14,2026-08-10,Forest
-52.202314,-21.072725,2025-09-14,2026-08-10,Forest
-52.400662,-21.044697,2025-09-14,2026-08-10,Forest
-52.402818,-21.049009,2025-09-14,2026-08-10,Forest
-52.478546,-18.822715,2025-09-14,2026-08-10,Cerrado
-52.306069,-18.898173,2025-09-14,2026-08-10,Cerrado
-52.461298,-19.137484,2025-09-14,2026-08-10,Cerrado
-52.497949,-18.792531,2025-09-14,2026-08-10,Cerrado
-52.610059,-18.859366,2025-09-14,2026-08-10,Cerrado
-51.64985,-19.684289,2025-09-14,2026-08-10,Cerrado
-52.610059,-18.86799,2025-09-14,2026-08-10,Cerrado
-52.612215,-19.025374,2025-09-14,2026-08-10,Cerrado
-52.536757,-19.135328,2025-09-14,2026-08-10,Cerrado
-52.50846,-21.342219,2025-09-14,2026-08-10,Cerrado
-52.592812,-19.118081,2025-09-14,2026-08-10,Cerrado
-52.439739,-18.770972,2025-09-14,2026-08-10,Cerrado
-52.439739,-18.76666,2025-09-14,2026-08-10,Cerrado
-52.469922,-18.788219,2025-09-14,2026-08-10,Cerrado
-52.170244,-18.949916,2025-09-14,2026-08-10,Cerrado
-52.321161,-18.837806,2025-09-14,2026-08-10,Cerrado
-52.482858,-18.792531,2025-09-14,2026-08-10,Cerrado
-52.55616,-18.682577,2025-09-14,2026-08-10,Cerrado
-52.612215,-18.861522,2025-09-14,2026-08-10,Cerrado
-52.612215,-18.902485,2025-09-14,2026-08-10,Cerrado
-52.463454,-18.762348,2025-09-14,2026-08-10,Cerrado
-52.549423,-21.519008,2025-09-14,2026-08-10,Cerrado
-52.155152,-18.952072,2025-09-14,2026-08-10,Cerrado
-52.495793,-18.792531,2025-09-14,2026-08-10,Cerrado
-52.555891,-21.499604,2025-09-14,2026-08-10,Cerrado
-52.56694,-18.67611,2025-09-14,2026-08-10,Cerrado
-52.612215,-19.124548,2025-09-14,2026-08-10,Cerrado
-52.472078,-19.111613,2025-09-14,2026-08-10,Cerrado
-52.482858,-18.790375,2025-09-14,2026-08-10,Cerrado
-52.310381,-18.898173,2025-09-14,2026-08-10,Cerrado
-52.16162,-18.956384,2025-09-14,2026-08-10,Cerrado
-52.473964,-21.555659,2025-09-14,2026-08-10,Cerrado
-52.564784,-18.680421,2025-09-14,2026-08-10,Cerrado
-52.482588,-21.557815,2025-09-14,2026-08-10,Cerrado
-52.316849,-18.902485,2025-09-14,2026-08-10,Cerrado
-52.560203,-21.506072,2025-09-14,2026-08-10,Cerrado
-52.387726,-21.59231,2025-09-14,2026-08-10,Cerrado
-52.55616,-18.671798,2025-09-14,2026-08-10,Cerrado
-52.472078,-19.113769,2025-09-14,2026-08-10,Cerrado
-52.590656,-18.893861,2025-09-14,2026-08-10,Cerrado
-52.47612,-21.557815,2025-09-14,2026-08-10,Cerrado
-52.56694,-18.673954,2025-09-14,2026-08-10,Cerrado
-52.592812,-18.898173,2025-09-14,2026-08-10,Cerrado
-52.254326,-18.949916,2025-09-14,2026-08-10,Cerrado
-52.189648,-18.932668,2025-09-14,2026-08-10,Cerrado
-52.491482,-18.792531,2025-09-14,2026-08-10,Cerrado
-52.463454,-18.773128,2025-09-14,2026-08-10,Cerrado
-52.545111,-21.335752,2025-09-14,2026-08-10,Cerrado
-52.472078,-18.788219,2025-09-14,2026-08-10,Cerrado
-52.586344,-18.896017,2025-09-14,2026-08-10,Cerrado
-52.319005,-18.965008,2025-09-14,2026-08-10,Cerrado
-52.26295,-18.84643,2025-09-14,2026-08-10,Cerrado
-52.551579,-21.508228,2025-09-14,2026-08-10,Cerrado
-52.56694,-18.680421,2025-09-14,2026-08-10,Cerrado
-52.553735,-21.503916,2025-09-14,2026-08-10,Cerrado
-52.564784,-18.691201,2025-09-14,2026-08-10,Cerrado
-51.843886,-19.421262,2025-09-14,2026-08-10,Cerrado
-52.586344,-18.943448,2025-09-14,2026-08-10,Cerrado
-52.480702,-18.822715,2025-09-14,2026-08-10,Cerrado
-52.547536,-19.055558,2025-09-14,2026-08-10,Cerrado
-52.599279,-18.939136,2025-09-14,2026-08-10,Cerrado
-52.308225,-18.902485,2025-09-14,2026-08-10,Cerrado
-52.551579,-21.514696,2025-09-14,2026-08-10,Cerrado
-51.64985,-19.682133,2025-09-14,2026-08-10,Cerrado
-51.647694,-19.684289,2025-09-14,2026-08-10,Cerrado
-52.469922,-19.126704,2025-09-14,2026-08-10,Cerrado
-52.555891,-21.50176,2025-09-14,2026-08-10,Cerrado
-52.560472,-18.684733,2025-09-14,2026-08-10,Cerrado
-52.614371,-18.863678,2025-09-14,2026-08-10,Cerrado
-52.612215,-18.865834,2025-09-14,2026-08-10,Cerrado
-52.584188,-18.913265,2025-09-14,2026-08-10,Cerrado
-52.653178,-18.928356,2025-09-14,2026-08-10,Cerrado
-52.547267,-21.503916,2025-09-14,2026-08-10,Cerrado
-52.616527,-18.872302,2025-09-14,2026-08-10,Cerrado
-52.612215,-19.046934,2025-09-14,2026-08-10,Cerrado
-52.316849,-18.855054,2025-09-14,2026-08-10,Cerrado
-51.636914,-19.675665,2025-09-14,2026-08-10,Cerrado
-52.471808,-21.557815,2025-09-14,2026-08-10,Cerrado
-52.592812,-18.941292,2025-09-14,2026-08-10,Cerrado
-52.553735,-21.510384,2025-09-14,2026-08-10,Cerrado
-52.482858,-18.783907,2025-09-14,2026-08-10,Cerrado
-52.549423,-21.51254,2025-09-14,2026-08-10,Cerrado
-52.610059,-18.870146,2025-09-14,2026-08-10,Cerrado
-52.612215,-18.86799,2025-09-14,2026-08-10,Cerrado
-52.525977,-18.982255,2025-09-14,2026-08-10,Cerrado
-52.321161,-19.064182,2025-09-14,2026-08-10,Cerrado
-52.467766,-19.12886,2025-09-14,2026-08-10,Cerrado
-52.480702,-18.783907,2025-09-14,2026-08-10,Cerrado
-52.594967,-18.906797,2025-09-14,2026-08-10,Cerrado
-52.549423,-21.510384,2025-09-14,2026-08-10,Cerrado
-52.635931,-18.904641,2025-09-14,2026-08-10,Cerrado
-52.467766,-19.118081,2025-09-14,2026-08-10,Cerrado
-52.46561,-18.781751,2025-09-14,2026-08-10,Cerrado
-52.620839,-19.124548,2025-09-14,2026-08-10,Cerrado
-52.618683,-18.872302,2025-09-14,2026-08-10,Cerrado
-52.569096,-18.673954,2025-09-14,2026-08-10,Cerrado
-52.610059,-19.04909,2025-09-14,2026-08-10,Cerrado
-52.55616,-18.667486,2025-09-14,2026-08-10,Cerrado
-52.553735,-21.508228,2025-09-14,2026-08-10,Cerrado
-52.482858,-19.133172,2025-09-14,2026-08-10,Cerrado
-52.459142,-19.135328,2025-09-14,2026-08-10,Cerrado
-52.542955,-21.333596,2025-09-14,2026-08-10,Cerrado
-52.560203,-21.536256,2025-09-14,2026-08-10,Cerrado
-52.614371,-18.872302,2025-09-14,2026-08-10,Cerrado
-52.610059,-18.865834,2025-09-14,2026-08-10,Cerrado
-52.463454,-18.764504,2025-09-14,2026-08-10,Cerrado
-52.316849,-18.900329,2025-09-14,2026-08-10,Cerrado
-52.614371,-18.861522,2025-09-14,2026-08-10,Cerrado
-52.439739,-18.768816,2025-09-14,2026-08-10,Cerrado
-52.230341,-21.09644,2025-09-14,2026-08-10,Cerrado
-52.463454,-18.779595,2025-09-14,2026-08-10,Cerrado
-52.469922,-19.113769,2025-09-14,2026-08-10,Cerrado
-52.485014,-18.781751,2025-09-14,2026-08-10,Cerrado
-52.482588,-21.553503,2025-09-14,2026-08-10,Cerrado
-52.472078,-18.781751,2025-09-14,2026-08-10,Cerrado
-52.584188,-18.908953,2025-09-14,2026-08-10,Cerrado
-51.647694,-19.675665,2025-09-14,2026-08-10,Cerrado
-52.469922,-19.131016,2025-09-14,2026-08-10,Cerrado
-52.170244,-18.94776,2025-09-14,2026-08-10,Cerrado
-52.584188,-19.115925,2025-09-14,2026-08-10,Cerrado
-52.558047,-21.510384,2025-09-14,2026-08-10,Cerrado
-52.480702,-19.135328,2025-09-14,2026-08-10,Cerrado
-52.651022,-18.932668,2025-09-14,2026-08-10,Cerrado
-52.312537,-19.033998,2025-09-14,2026-08-10,Cerrado
-52.234653,-21.100752,2025-09-14,2026-08-10,Cerrado
-52.1724,-18.94776,2025-09-14,2026-08-10,Cerrado
-52.485014,-18.822715,2025-09-14,2026-08-10,Cerrado
-52.45483,-18.915421,2025-09-14,2026-08-10,Cerrado
-51.643382,-19.675665,2025-09-14,2026-08-10,Cerrado
-52.594967,-19.115925,2025-09-14,2026-08-10,Cerrado
-52.260794,-18.844274,2025-09-14,2026-08-10,Cerrado
-52.545111,-21.333596,2025-09-14,2026-08-10,Cerrado
-52.409286,-21.19777,2025-09-14,2026-08-10,Cerrado
-52.547267,-21.50176,2025-09-14,2026-08-10,Cerrado
-52.590656,-18.891705,2025-09-14,2026-08-10,Cerrado
-52.551579,-21.503916,2025-09-14,2026-08-10,Cerrado
-51.64985,-19.679977,2025-09-14,2026-08-10,Cerrado
-52.46561,-18.762348,2025-09-14,2026-08-10,Cerrado
-52.549423,-21.503916,2025-09-14,2026-08-10,Cerrado
-52.586344,-18.902485,2025-09-14,2026-08-10,Cerrado
-52.45483,-18.913265,2025-09-14,2026-08-10,Cerrado
-52.226029,-21.098596,2025-09-14,2026-08-10,Cerrado
-51.884849,-19.43851,2025-09-14,2026-08-10,Cerrado
-52.605747,-18.939136,2025-09-14,2026-08-10,Cerrado
-52.554004,-18.663174,2025-09-14,2026-08-10,Cerrado
-51.809391,-19.723096,2025-09-14,2026-08-10,Cerrado
-52.310381,-18.900329,2025-09-14,2026-08-10,Cerrado
-52.592812,-18.900329,2025-09-14,2026-08-10,Cerrado
-52.474234,-18.781751,2025-09-14,2026-08-10,Cerrado
-52.478546,-18.788219,2025-09-14,2026-08-10,Cerrado
-52.597123,-18.939136,2025-09-14,2026-08-10,Cerrado
-52.461298,-18.777439,2025-09-14,2026-08-10,Cerrado
-52.472078,-18.801155,2025-09-14,2026-08-10,Cerrado
-52.474234,-18.919733,2025-09-14,2026-08-10,Cerrado
-52.536757,-19.137484,2025-09-14,2026-08-10,Cerrado
-52.168088,-18.956384,2025-09-14,2026-08-10,Cerrado
-52.493638,-18.794687,2025-09-14,2026-08-10,Cerrado
-52.168088,-18.94776,2025-09-14,2026-08-10,Cerrado
-52.614371,-19.025374,2025-09-14,2026-08-10,Cerrado
-52.558047,-21.503916,2025-09-14,2026-08-10,Cerrado
-52.616527,-19.124548,2025-09-14,2026-08-10,Cerrado
-52.368323,-21.296944,2025-09-14,2026-08-10,Cerrado
-52.603591,-18.865834,2025-09-14,2026-08-10,Cerrado
-52.549423,-21.521164,2025-09-14,2026-08-10,Cerrado
-52.530289,-18.67611,2025-09-14,2026-08-10,Cerrado
-52.127125,-19.053402,2025-09-14,2026-08-10,Cerrado
-52.562628,-18.682577,2025-09-14,2026-08-10,Cerrado
-51.846042,-19.423418,2025-09-14,2026-08-10,Cerrado
-52.528133,-18.814091,2025-09-14,2026-08-10,Cerrado
-52.485014,-18.792531,2025-09-14,2026-08-10,Cerrado
-52.56694,-18.691201,2025-09-14,2026-08-10,Cerrado
-52.562628,-18.667486,2025-09-14,2026-08-10,Cerrado
-52.46561,-19.113769,2025-09-14,2026-08-10,Cerrado
-52.297176,-21.046853,2025-09-14,2026-08-10,Cerrado
-52.551579,-21.51254,2025-09-14,2026-08-10,Cerrado
-52.618683,-19.124548,2025-09-14,2026-08-10,Cerrado
-52.506573,-18.781751,2025-09-14,2026-08-10,Cerrado
-52.590656,-18.941292,2025-09-14,2026-08-10,Cerrado
-52.506573,-18.777439,2025-09-14,2026-08-10,Cerrado
-52.506573,-18.783907,2025-09-14,2026-08-10,Cerrado
-52.564784,-18.682577,2025-09-14,2026-08-10,Cerrado
-52.45483,-18.906797,2025-09-14,2026-08-10,Cerrado
-51.86329,-19.43851,2025-09-14,2026-08-10,Cerrado
-52.528133,-18.805467,2025-09-14,2026-08-10,Cerrado
-52.319005,-19.062026,2025-09-14,2026-08-10,Cerrado
-52.482858,-18.827026,2025-09-14,2026-08-10,Cerrado
-52.480432,-21.557815,2025-09-14,2026-08-10,Cerrado
-52.558316,-18.680421,2025-09-14,2026-08-10,Cerrado
-52.510885,-18.788219,2025-09-14,2026-08-10,Cerrado
-52.312537,-18.898173,2025-09-14,2026-08-10,Cerrado
-52.491482,-18.790375,2025-09-14,2026-08-10,Cerrado
-52.530289,-18.673954,2025-09-14,2026-08-10,Cerrado
-52.469653,-21.559971,2025-09-14,2026-08-10,Cerrado
-52.594967,-18.941292,2025-09-14,2026-08-10,Cerrado
-52.564784,-18.678265,2025-09-14,2026-08-10,Cerrado
-52.560203,-21.503916,2025-09-14,2026-08-10,Cerrado
-52.493638,-18.790375,2025-09-14,2026-08-10,Cerrado
-52.312537,-18.900329,2025-09-14,2026-08-10,Cerrado
-52.29502,-21.044697,2025-09-14,2026-08-10,Cerrado
-52.458873,-21.551347,2025-09-14,2026-08-10,Cerrado
-52.260525,-21.053321,2025-09-14,2026-08-10,Planted_Forest
-52.21525,-21.044697,2025-09-14,2026-08-10,Planted_Forest
-52.342451,-21.059789,2025-09-14,2026-08-10,Planted_Forest
-52.344607,-21.053321,2025-09-14,2026-08-10,Planted_Forest
-52.271304,-21.070569,2025-09-14,2026-08-10,Planted_Forest
-52.241121,-21.057633,2025-09-14,2026-08-10,Planted_Forest
-52.245433,-21.042541,2025-09-14,2026-08-10,Planted_Forest
-52.266993,-21.055477,2025-09-14,2026-08-10,Planted_Forest
-52.260525,-21.059789,2025-09-14,2026-08-10,Planted_Forest
-52.217406,-21.044697,2025-09-14,2026-08-10,Planted_Forest
-52.303644,-21.066257,2025-09-14,2026-08-10,Planted_Forest
-52.40713,-21.072725,2025-09-14,2026-08-10,Planted_Forest
-52.269149,-21.068413,2025-09-14,2026-08-10,Planted_Forest
-52.325203,-21.042541,2025-09-14,2026-08-10,Planted_Forest
-52.243277,-21.059789,2025-09-14,2026-08-10,Planted_Forest
-52.335983,-21.055477,2025-09-14,2026-08-10,Planted_Forest
-52.019058,-21.066257,2025-09-14,2026-08-10,Planted_Forest
-52.344607,-21.046853,2025-09-14,2026-08-10,Planted_Forest
-52.340295,-21.070569,2025-09-14,2026-08-10,Planted_Forest
-52.301488,-21.059789,2025-09-14,2026-08-10,Planted_Forest
-52.031993,-21.066257,2025-09-14,2026-08-10,Planted_Forest
-52.219562,-21.046853,2025-09-14,2026-08-10,Planted_Forest
-52.368323,-21.061945,2025-09-14,2026-08-10,Planted_Forest
-52.223873,-21.055477,2025-09-14,2026-08-10,Planted_Forest
-52.312268,-21.044697,2025-09-14,2026-08-10,Planted_Forest
-52.355387,-21.072725,2025-09-14,2026-08-10,Planted_Forest
-52.292864,-21.070569,2025-09-14,2026-08-10,Planted_Forest
-52.355387,-21.044697,2025-09-14,2026-08-10,Planted_Forest
-52.422221,-21.059789,2025-09-14,2026-08-10,Planted_Forest
-52.411442,-21.061945,2025-09-14,2026-08-10,Planted_Forest
-52.226029,-21.064101,2025-09-14,2026-08-10,Planted_Forest
-52.219562,-21.053321,2025-09-14,2026-08-10,Planted_Forest
-52.413598,-21.042541,2025-09-14,2026-08-10,Planted_Forest
-52.344607,-21.061945,2025-09-14,2026-08-10,Planted_Forest
-52.238965,-21.059789,2025-09-14,2026-08-10,Planted_Forest
-52.236809,-21.051165,2025-09-14,2026-08-10,Planted_Forest
-52.031993,-21.064101,2025-09-14,2026-08-10,Planted_Forest
-52.221717,-21.055477,2025-09-14,2026-08-10,Planted_Forest
-52.342451,-21.072725,2025-09-14,2026-08-10,Planted_Forest
-52.420066,-21.059789,2025-09-14,2026-08-10,Planted_Forest
-52.333827,-21.053321,2025-09-14,2026-08-10,Planted_Forest
-52.344607,-21.059789,2025-09-14,2026-08-10,Planted_Forest
-52.230341,-21.042541,2025-09-14,2026-08-10,Planted_Forest
-52.228185,-21.061945,2025-09-14,2026-08-10,Planted_Forest
-52.245433,-21.061945,2025-09-14,2026-08-10,Planted_Forest
-52.320892,-21.046853,2025-09-14,2026-08-10,Planted_Forest
-52.348919,-21.051165,2025-09-14,2026-08-10,Planted_Forest
-52.340295,-21.046853,2025-09-14,2026-08-10,Planted_Forest
-52.3058,-21.064101,2025-09-14,2026-08-10,Planted_Forest
-52.038461,-21.070569,2025-09-14,2026-08-10,Planted_Forest
-52.353231,-21.057633,2025-09-14,2026-08-10,Planted_Forest
-52.258369,-21.057633,2025-09-14,2026-08-10,Planted_Forest
-52.342451,-21.061945,2025-09-14,2026-08-10,Planted_Forest
-52.402818,-21.072725,2025-09-14,2026-08-10,Planted_Forest
-52.223873,-21.061945,2025-09-14,2026-08-10,Planted_Forest
-52.331671,-21.059789,2025-09-14,2026-08-10,Planted_Forest
-52.333827,-21.061945,2025-09-14,2026-08-10,Planted_Forest
-52.361855,-21.042541,2025-09-14,2026-08-10,Planted_Forest
-52.247589,-21.070569,2025-09-14,2026-08-10,Planted_Forest
-52.420066,-21.053321,2025-09-14,2026-08-10,Planted_Forest
-52.258369,-21.055477,2025-09-14,2026-08-10,Planted_Forest
-52.348919,-21.070569,2025-09-14,2026-08-10,Planted_Forest
-52.223873,-21.057633,2025-09-14,2026-08-10,Planted_Forest
-52.340295,-21.044697,2025-09-14,2026-08-10,Planted_Forest
-52.364011,-21.049009,2025-09-14,2026-08-10,Planted_Forest
-52.348919,-21.061945,2025-09-14,2026-08-10,Planted_Forest
-52.366167,-21.059789,2025-09-14,2026-08-10,Planted_Forest
-52.016902,-21.064101,2025-09-14,2026-08-10,Planted_Forest
-52.368323,-21.046853,2025-09-14,2026-08-10,Planted_Forest
-52.370479,-21.068413,2025-09-14,2026-08-10,Planted_Forest
-52.249745,-21.070569,2025-09-14,2026-08-10,Planted_Forest
-52.346763,-21.064101,2025-09-14,2026-08-10,Planted_Forest
-52.41791,-21.061945,2025-09-14,2026-08-10,Planted_Forest
-52.251901,-21.070569,2025-09-14,2026-08-10,Planted_Forest
-52.232497,-21.070569,2025-09-14,2026-08-10,Planted_Forest
-52.230341,-21.059789,2025-09-14,2026-08-10,Planted_Forest
-52.41791,-21.064101,2025-09-14,2026-08-10,Planted_Forest
-52.226029,-21.061945,2025-09-14,2026-08-10,Planted_Forest
-52.297176,-21.068413,2025-09-14,2026-08-10,Planted_Forest
-52.245433,-21.053321,2025-09-14,2026-08-10,Planted_Forest
-52.361855,-21.072725,2025-09-14,2026-08-10,Planted_Forest
-52.422221,-21.053321,2025-09-14,2026-08-10,Planted_Forest
-52.010434,-21.042541,2025-09-14,2026-08-10,Planted_Forest
-52.351075,-21.061945,2025-09-14,2026-08-10,Planted_Forest
-52.366167,-21.068413,2025-09-14,2026-08-10,Planted_Forest
-52.266993,-21.061945,2025-09-14,2026-08-10,Planted_Forest
-52.219562,-21.051165,2025-09-14,2026-08-10,Planted_Forest
-52.228185,-21.068413,2025-09-14,2026-08-10,Planted_Forest
-52.364011,-21.072725,2025-09-14,2026-08-10,Planted_Forest
-52.323047,-21.049009,2025-09-14,2026-08-10,Planted_Forest
-52.312268,-21.070569,2025-09-14,2026-08-10,Planted_Forest
-52.368323,-21.042541,2025-09-14,2026-08-10,Planted_Forest
-52.420066,-21.057633,2025-09-14,2026-08-10,Planted_Forest
-52.234653,-21.049009,2025-09-14,2026-08-10,Planted_Forest
-52.41791,-21.066257,2025-09-14,2026-08-10,Planted_Forest
-52.426533,-21.046853,2025-09-14,2026-08-10,Planted_Forest
-52.422221,-21.051165,2025-09-14,2026-08-10,Planted_Forest
-52.029837,-21.068413,2025-09-14,2026-08-10,Planted_Forest
-52.221717,-21.053321,2025-09-14,2026-08-10,Planted_Forest
-52.420066,-21.055477,2025-09-14,2026-08-10,Planted_Forest
-52.241121,-21.053321,2025-09-14,2026-08-10,Planted_Forest
-52.40713,-21.068413,2025-09-14,2026-08-10,Planted_Forest
-52.342451,-21.046853,2025-09-14,2026-08-10,Planted_Forest
-52.41791,-21.055477,2025-09-14,2026-08-10,Planted_Forest
-52.249745,-21.057633,2025-09-14,2026-08-10,Planted_Forest
-52.357543,-21.068413,2025-09-14,2026-08-10,Planted_Forest
-52.344607,-21.070569,2025-09-14,2026-08-10,Planted_Forest
-52.264837,-21.055477,2025-09-14,2026-08-10,Planted_Forest
-52.342451,-21.053321,2025-09-14,2026-08-10,Planted_Forest
-52.241121,-21.042541,2025-09-14,2026-08-10,Planted_Forest
-52.232497,-21.046853,2025-09-14,2026-08-10,Planted_Forest
-52.348919,-21.072725,2025-09-14,2026-08-10,Planted_Forest
-52.230341,-21.061945,2025-09-14,2026-08-10,Planted_Forest
-52.331671,-21.053321,2025-09-14,2026-08-10,Planted_Forest
-52.422221,-21.061945,2025-09-14,2026-08-10,Planted_Forest
-52.424377,-21.057633,2025-09-14,2026-08-10,Planted_Forest
-52.221717,-21.046853,2025-09-14,2026-08-10,Planted_Forest
-52.329515,-21.051165,2025-09-14,2026-08-10,Planted_Forest
-52.219562,-21.055477,2025-09-14,2026-08-10,Planted_Forest
-52.228185,-21.046853,2025-09-14,2026-08-10,Planted_Forest
-52.256213,-21.064101,2025-09-14,2026-08-10,Planted_Forest
-52.254057,-21.053321,2025-09-14,2026-08-10,Planted_Forest
-52.262681,-21.042541,2025-09-14,2026-08-10,Planted_Forest
-52.3058,-21.055477,2025-09-14,2026-08-10,Planted_Forest
-52.236809,-21.046853,2025-09-14,2026-08-10,Planted_Forest
-52.329515,-21.055477,2025-09-14,2026-08-10,Planted_Forest
-52.010434,-21.055477,2025-09-14,2026-08-10,Planted_Forest
-52.415754,-21.057633,2025-09-14,2026-08-10,Planted_Forest
-52.430845,-21.055477,2025-09-14,2026-08-10,Planted_Forest
-52.340295,-21.049009,2025-09-14,2026-08-10,Planted_Forest
-52.027681,-21.066257,2025-09-14,2026-08-10,Planted_Forest
-52.3058,-21.061945,2025-09-14,2026-08-10,Planted_Forest
-52.226029,-21.044697,2025-09-14,2026-08-10,Planted_Forest
-52.361855,-21.046853,2025-09-14,2026-08-10,Planted_Forest
-52.348919,-21.049009,2025-09-14,2026-08-10,Planted_Forest
-52.217406,-21.057633,2025-09-14,2026-08-10,Planted_Forest
-52.262681,-21.059789,2025-09-14,2026-08-10,Planted_Forest
-52.428689,-21.053321,2025-09-14,2026-08-10,Planted_Forest
-52.372634,-21.066257,2025-09-14,2026-08-10,Planted_Forest
-52.266993,-21.057633,2025-09-14,2026-08-10,Planted_Forest
-52.366167,-21.042541,2025-09-14,2026-08-10,Planted_Forest
-52.327359,-21.057633,2025-09-14,2026-08-10,Planted_Forest
-52.318736,-21.042541,2025-09-14,2026-08-10,Planted_Forest
-52.335983,-21.051165,2025-09-14,2026-08-10,Planted_Forest
-52.241121,-21.059789,2025-09-14,2026-08-10,Planted_Forest
-52.351075,-21.059789,2025-09-14,2026-08-10,Planted_Forest
-52.21525,-21.051165,2025-09-14,2026-08-10,Planted_Forest
-52.320892,-21.044697,2025-09-14,2026-08-10,Planted_Forest
-52.318736,-21.046853,2025-09-14,2026-08-10,Planted_Forest
-52.364011,-21.057633,2025-09-14,2026-08-10,Planted_Forest
-52.355387,-21.066257,2025-09-14,2026-08-10,Planted_Forest
-52.303644,-21.059789,2025-09-14,2026-08-10,Planted_Forest
-52.238965,-21.057633,2025-09-14,2026-08-10,Planted_Forest
-52.256213,-21.049009,2025-09-14,2026-08-10,Planted_Forest
-52.254057,-21.044697,2025-09-14,2026-08-10,Planted_Forest
-52.409286,-21.044697,2025-09-14,2026-08-10,Planted_Forest
-52.031993,-21.068413,2025-09-14,2026-08-10,Planted_Forest
-52.249745,-21.061945,2025-09-14,2026-08-10,Planted_Forest
-52.269149,-21.070569,2025-09-14,2026-08-10,Planted_Forest
-52.351075,-21.057633,2025-09-14,2026-08-10,Planted_Forest
-52.29502,-21.070569,2025-09-14,2026-08-10,Planted_Forest
-52.264837,-21.057633,2025-09-14,2026-08-10,Planted_Forest
-52.241121,-21.044697,2025-09-14,2026-08-10,Planted_Forest
-52.228185,-21.042541,2025-09-14,2026-08-10,Planted_Forest
-52.234653,-21.044697,2025-09-14,2026-08-10,Planted_Forest
-52.245433,-21.068413,2025-09-14,2026-08-10,Planted_Forest
-52.260525,-21.057633,2025-09-14,2026-08-10,Planted_Forest
-52.333827,-21.049009,2025-09-14,2026-08-10,Planted_Forest
-52.433001,-21.064101,2025-09-14,2026-08-10,Planted_Forest
-52.034149,-21.068413,2025-09-14,2026-08-10,Planted_Forest
-52.20447,-21.059789,2025-09-14,2026-08-10,Planted_Forest
-52.433001,-21.061945,2025-09-14,2026-08-10,Planted_Forest
-52.256213,-21.066257,2025-09-14,2026-08-10,Planted_Forest
-52.346763,-21.046853,2025-09-14,2026-08-10,Planted_Forest
-52.413598,-21.070569,2025-09-14,2026-08-10,Planted_Forest
-52.41791,-21.068413,2025-09-14,2026-08-10,Planted_Forest
-52.310112,-21.042541,2025-09-14,2026-08-10,Planted_Forest
-52.366167,-21.046853,2025-09-14,2026-08-10,Planted_Forest
-52.223873,-21.068413,2025-09-14,2026-08-10,Planted_Forest
-52.426533,-21.044697,2025-09-14,2026-08-10,Planted_Forest
-52.264837,-21.053321,2025-09-14,2026-08-10,Planted_Forest
-52.428689,-21.046853,2025-09-14,2026-08-10,Planted_Forest
-52.428689,-21.066257,2025-09-14,2026-08-10,Planted_Forest
-52.413598,-21.066257,2025-09-14,2026-08-10,Planted_Forest
-52.368323,-21.055477,2025-09-14,2026-08-10,Planted_Forest
-52.340295,-21.059789,2025-09-14,2026-08-10,Planted_Forest
-52.3058,-21.066257,2025-09-14,2026-08-10,Planted_Forest
-52.346763,-21.061945,2025-09-14,2026-08-10,Planted_Forest
-52.340295,-21.072725,2025-09-14,2026-08-10,Planted_Forest
-52.260525,-21.051165,2025-09-14,2026-08-10,Planted_Forest
-52.258369,-21.070569,2025-09-14,2026-08-10,Planted_Forest
-52.213094,-21.049009,2025-09-14,2026-08-10,Planted_Forest
-52.262681,-21.061945,2025-09-14,2026-08-10,Planted_Forest
-52.247589,-21.055477,2025-09-14,2026-08-10,Planted_Forest
-52.226029,-21.059789,2025-09-14,2026-08-10,Planted_Forest
-52.245433,-21.044697,2025-09-14,2026-08-10,Planted_Forest
-52.312268,-21.068413,2025-09-14,2026-08-10,Planted_Forest
-52.327359,-21.044697,2025-09-14,2026-08-10,Planted_Forest
-52.245433,-21.059789,2025-09-14,2026-08-10,Planted_Forest
-52.364011,-21.064101,2025-09-14,2026-08-10,Planted_Forest
-52.372634,-21.424146,2025-09-14,2026-08-10,Wetland
-52.549423,-21.234422,2025-09-14,2026-08-10,Wetland
-52.461029,-21.370247,2025-09-14,2026-08-10,Wetland
-52.469653,-21.363779,2025-09-14,2026-08-10,Wetland
-52.387996,-19.143952,2025-09-14,2026-08-10,Wetland
-52.394464,-19.12886,2025-09-14,2026-08-10,Wetland
-52.532175,-21.281853,2025-09-14,2026-08-10,Wetland
-52.243277,-21.52332,2025-09-14,2026-08-10,Wetland
-52.424377,-21.391806,2025-09-14,2026-08-10,Wetland
-52.019058,-21.100752,2025-09-14,2026-08-10,Wetland
-52.448093,-21.374559,2025-09-14,2026-08-10,Wetland
-52.547267,-21.232266,2025-09-14,2026-08-10,Wetland
-52.344607,-21.450017,2025-09-14,2026-08-10,Wetland
-52.351075,-21.447861,2025-09-14,2026-08-10,Wetland
-52.348919,-21.480201,2025-09-14,2026-08-10,Wetland
-52.031993,-21.094284,2025-09-14,2026-08-10,Wetland
-52.342451,-21.452173,2025-09-14,2026-08-10,Wetland
-52.46561,-19.05987,2025-09-14,2026-08-10,Wetland
-52.19369,-21.553503,2025-09-14,2026-08-10,Wetland
-52.129281,-19.152576,2025-09-14,2026-08-10,Wetland
-52.390152,-19.143952,2025-09-14,2026-08-10,Wetland
-52.450249,-21.314192,2025-09-14,2026-08-10,Wetland
-52.075112,-21.083505,2025-09-14,2026-08-10,Wetland
-52.370479,-21.428458,2025-09-14,2026-08-10,Wetland
-52.549423,-21.227954,2025-09-14,2026-08-10,Wetland
-52.555891,-21.23011,2025-09-14,2026-08-10,Wetland
-52.553735,-21.225798,2025-09-14,2026-08-10,Wetland
-52.478276,-21.350843,2025-09-14,2026-08-10,Wetland
-52.51924,-21.305568,2025-09-14,2026-08-10,Wetland
-52.146529,-19.169824,2025-09-14,2026-08-10,Wetland
-52.394464,-19.077117,2025-09-14,2026-08-10,Wetland
-52.157308,-19.182759,2025-09-14,2026-08-10,Wetland
-52.364011,-21.430614,2025-09-14,2026-08-10,Wetland
-52.392038,-21.402586,2025-09-14,2026-08-10,Wetland
-52.064333,-21.072725,2025-09-14,2026-08-10,Wetland
-52.424647,-19.107301,2025-09-14,2026-08-10,Wetland
-52.400931,-19.126704,2025-09-14,2026-08-10,Wetland
-52.195846,-21.553503,2025-09-14,2026-08-10,Wetland
-52.530019,-21.286165,2025-09-14,2026-08-10,Wetland
-52.10314,-21.355155,2025-09-14,2026-08-10,Wetland
-51.889161,-19.43851,2025-09-14,2026-08-10,Wetland
-52.359699,-21.443549,2025-09-14,2026-08-10,Wetland
-52.392308,-19.126704,2025-09-14,2026-08-10,Wetland
-52.392308,-19.072806,2025-09-14,2026-08-10,Wetland
-52.392308,-19.074961,2025-09-14,2026-08-10,Wetland
-52.359699,-21.441393,2025-09-14,2026-08-10,Wetland
-52.349188,-19.159044,2025-09-14,2026-08-10,Wetland
-52.538643,-21.249513,2025-09-14,2026-08-10,Wetland
-52.361855,-21.439237,2025-09-14,2026-08-10,Wetland
-52.144103,-21.32066,2025-09-14,2026-08-10,Wetland
-52.478276,-21.348687,2025-09-14,2026-08-10,Wetland
-52.366167,-21.406898,2025-09-14,2026-08-10,Wetland
-52.415754,-21.38965,2025-09-14,2026-08-10,Wetland
-52.366167,-21.426302,2025-09-14,2026-08-10,Wetland
-52.547267,-21.234422,2025-09-14,2026-08-10,Wetland
-52.504148,-21.312036,2025-09-14,2026-08-10,Wetland
-52.361855,-21.428458,2025-09-14,2026-08-10,Wetland
-52.482588,-21.342219,2025-09-14,2026-08-10,Wetland
-52.359968,-19.159044,2025-09-14,2026-08-10,Wetland
-52.394464,-19.07065,2025-09-14,2026-08-10,Wetland
-52.366167,-21.43277,2025-09-14,2026-08-10,Wetland
-52.553735,-21.223642,2025-09-14,2026-08-10,Wetland
-52.368323,-21.428458,2025-09-14,2026-08-10,Wetland
-52.404974,-21.478045,2025-09-14,2026-08-10,Wetland
-52.411442,-21.396118,2025-09-14,2026-08-10,Wetland
-52.040617,-21.100752,2025-09-14,2026-08-10,Wetland
-52.247589,-21.516852,2025-09-14,2026-08-10,Wetland
-52.103409,-19.143952,2025-09-14,2026-08-10,Wetland
-52.3535,-19.1612,2025-09-14,2026-08-10,Wetland
-56.983148,-17.67898,2025-09-14,2026-08-10,Wetland
-52.405243,-19.131016,2025-09-14,2026-08-10,Wetland
-52.198002,-21.553503,2025-09-14,2026-08-10,Wetland
-52.219562,-21.531944,2025-09-14,2026-08-10,Wetland
-52.536487,-21.251669,2025-09-14,2026-08-10,Wetland
-52.068645,-21.066257,2025-09-14,2026-08-10,Wetland
-52.512772,-21.301256,2025-09-14,2026-08-10,Wetland
-52.159464,-19.180603,2025-09-14,2026-08-10,Wetland
-52.077268,-21.072725,2025-09-14,2026-08-10,Wetland
-52.159464,-19.184915,2025-09-14,2026-08-10,Wetland
-52.060021,-21.077037,2025-09-14,2026-08-10,Wetland
-52.238965,-21.52332,2025-09-14,2026-08-10,Wetland
-52.51924,-21.307724,2025-09-14,2026-08-10,Wetland
-52.398775,-19.126704,2025-09-14,2026-08-10,Wetland
-52.338139,-21.456485,2025-09-14,2026-08-10,Wetland
-52.070801,-21.068413,2025-09-14,2026-08-10,Wetland
-52.484744,-21.352999,2025-09-14,2026-08-10,Wetland
-52.545111,-21.240889,2025-09-14,2026-08-10,Wetland
-51.531272,-19.498876,2025-09-14,2026-08-10,Wetland
-52.387996,-19.146108,2025-09-14,2026-08-10,Wetland
-52.542955,-21.245201,2025-09-14,2026-08-10,Wetland
-52.501992,-21.314192,2025-09-14,2026-08-10,Wetland
-52.189378,-21.562127,2025-09-14,2026-08-10,Wetland
-52.340295,-21.475889,2025-09-14,2026-08-10,Wetland
-52.370479,-21.42199,2025-09-14,2026-08-10,Wetland
-52.394464,-19.126704,2025-09-14,2026-08-10,Wetland
-52.538643,-21.247357,2025-09-14,2026-08-10,Wetland
-52.448093,-21.372403,2025-09-14,2026-08-10,Wetland
-52.443781,-21.374559,2025-09-14,2026-08-10,Wetland
-52.075112,-21.074881,2025-09-14,2026-08-10,Wetland
-52.198271,-18.84643,2025-09-14,2026-08-10,Wetland
-52.38584,-19.146108,2025-09-14,2026-08-10,Wetland
-52.390152,-19.131016,2025-09-14,2026-08-10,Wetland
-52.545111,-21.238734,2025-09-14,2026-08-10,Wetland
-52.353231,-21.450017,2025-09-14,2026-08-10,Wetland
-52.364011,-21.428458,2025-09-14,2026-08-10,Wetland
-52.122543,-21.335752,2025-09-14,2026-08-10,Wetland
-52.247589,-21.519008,2025-09-14,2026-08-10,Wetland
-52.070801,-21.066257,2025-09-14,2026-08-10,Wetland
-52.096672,-21.064101,2025-09-14,2026-08-10,Wetland
-52.549423,-21.225798,2025-09-14,2026-08-10,Wetland
-52.016902,-21.10722,2025-09-14,2026-08-10,Wetland
-52.424377,-21.387495,2025-09-14,2026-08-10,Wetland
-52.398775,-19.131016,2025-09-14,2026-08-10,Wetland
-52.258369,-21.508228,2025-09-14,2026-08-10,Wetland
-52.407399,-19.120237,2025-09-14,2026-08-10,Wetland
-52.16162,-19.193539,2025-09-14,2026-08-10,Wetland
-52.40713,-21.391806,2025-09-14,2026-08-10,Wetland
-52.420066,-21.387495,2025-09-14,2026-08-10,Wetland
-52.540799,-21.247357,2025-09-14,2026-08-10,Wetland
-52.396619,-19.131016,2025-09-14,2026-08-10,Wetland
-52.551579,-21.23011,2025-09-14,2026-08-10,Wetland
-52.361855,-21.441393,2025-09-14,2026-08-10,Wetland
-52.349188,-19.156888,2025-09-14,2026-08-10,Wetland
-52.420335,-18.73432,2025-09-14,2026-08-10,Wetland
-52.100984,-21.355155,2025-09-14,2026-08-10,Wetland
-52.392308,-19.07065,2025-09-14,2026-08-10,Wetland
-52.394464,-19.072806,2025-09-14,2026-08-10,Wetland
-52.331671,-21.482357,2025-09-14,2026-08-10,Wetland
-52.146259,-21.32066,2025-09-14,2026-08-10,Wetland
-52.465341,-21.359467,2025-09-14,2026-08-10,Wetland
-52.023369,-21.105064,2025-09-14,2026-08-10,Wetland
-52.51924,-21.294788,2025-09-14,2026-08-10,Wetland
-52.510616,-21.303412,2025-09-14,2026-08-10,Wetland
-52.390152,-19.146108,2025-09-14,2026-08-10,Wetland
-52.461029,-21.363779,2025-09-14,2026-08-10,Wetland
-52.068645,-21.068413,2025-09-14,2026-08-10,Wetland
-52.426533,-21.38965,2025-09-14,2026-08-10,Wetland
-52.510616,-21.30988,2025-09-14,2026-08-10,Wetland
-52.394464,-19.074961,2025-09-14,2026-08-10,Wetland
-52.491212,-21.324972,2025-09-14,2026-08-10,Wetland
-52.353231,-21.443549,2025-09-14,2026-08-10,Wetland
-52.241121,-21.52332,2025-09-14,2026-08-10,Wetland
-52.349188,-19.1612,2025-09-14,2026-08-10,Wetland
-52.368592,-19.12886,2025-09-14,2026-08-10,Wetland
-52.549423,-21.232266,2025-09-14,2026-08-10,Wetland
-52.364011,-21.434926,2025-09-14,2026-08-10,Wetland
-52.28424,-21.49098,2025-09-14,2026-08-10,Wetland
-52.400931,-19.131016,2025-09-14,2026-08-10,Wetland
-52.541069,-19.051246,2025-09-14,2026-08-10,Wetland
-52.551579,-21.232266,2025-09-14,2026-08-10,Wetland
-52.545111,-21.245201,2025-09-14,2026-08-10,Wetland
-52.403087,-19.131016,2025-09-14,2026-08-10,Wetland
-52.422491,-18.73432,2025-09-14,2026-08-10,Wetland
-52.532175,-21.284009,2025-09-14,2026-08-10,Wetland
-52.383414,-21.415522,2025-09-14,2026-08-10,Wetland
-52.372634,-21.413366,2025-09-14,2026-08-10,Wetland
-52.400931,-19.12886,2025-09-14,2026-08-10,Wetland
-52.545111,-21.247357,2025-09-14,2026-08-10,Wetland
-52.37479,-21.484513,2025-09-14,2026-08-10,Wetland
-52.079424,-21.072725,2025-09-14,2026-08-10,Wetland
-52.547267,-21.236578,2025-09-14,2026-08-10,Wetland
-52.357812,-19.1612,2025-09-14,2026-08-10,Wetland
-52.01259,-21.10722,2025-09-14,2026-08-10,Wetland
-52.016902,-21.102908,2025-09-14,2026-08-10,Wetland
-52.068645,-21.383183,2025-09-14,2026-08-10,Wetland
-52.394464,-19.122393,2025-09-14,2026-08-10,Wetland
-52.355387,-21.447861,2025-09-14,2026-08-10,Wetland
-52.553735,-21.227954,2025-09-14,2026-08-10,Wetland
-52.098828,-21.061945,2025-09-14,2026-08-10,Wetland
-52.342451,-21.450017,2025-09-14,2026-08-10,Wetland
-52.390152,-19.12886,2025-09-14,2026-08-10,Wetland
-52.536487,-21.249513,2025-09-14,2026-08-10,Wetland
-52.353231,-21.447861,2025-09-14,2026-08-10,Wetland
-52.394464,-19.131016,2025-09-14,2026-08-10,Wetland
-52.366167,-21.428458,2025-09-14,2026-08-10,Wetland
-52.055709,-21.079193,2025-09-14,2026-08-10,Wetland
-52.083736,-21.079193,2025-09-14,2026-08-10,Wetland
-52.514928,-21.296944,2025-09-14,2026-08-10,Wetland
-52.364011,-21.437082,2025-09-14,2026-08-10,Wetland
-52.344607,-21.478045,2025-09-14,2026-08-10,Wetland
-52.547267,-21.240889,2025-09-14,2026-08-10,Wetland
-52.411442,-21.398274,2025-09-14,2026-08-10,Wetland
-52.346763,-21.480201,2025-09-14,2026-08-10,Wetland
-52.021214,-21.105064,2025-09-14,2026-08-10,Wetland
-52.542955,-21.243045,2025-09-14,2026-08-10,Wetland
-52.16162,-19.180603,2025-09-14,2026-08-10,Wetland
-52.159464,-19.182759,2025-09-14,2026-08-10,Wetland
-52.540799,-21.258137,2025-09-14,2026-08-10,Wetland
-52.383414,-21.413366,2025-09-14,2026-08-10,Wetland
-52.394464,-19.068494,2025-09-14,2026-08-10,Wetland
-51.533428,-19.496721,2025-09-14,2026-08-10,Wetland
-52.142217,-19.163356,2025-09-14,2026-08-10,Wetland
-52.351344,-19.159044,2025-09-14,2026-08-10,Wetland
-52.323047,-21.484513,2025-09-14,2026-08-10,Wetland
-52.392308,-19.131016,2025-09-14,2026-08-10,Wetland
-52.4869,-21.333596,2025-09-14,2026-08-10,Wetland
-52.340295,-21.458641,2025-09-14,2026-08-10,Wetland
-52.392308,-19.124548,2025-09-14,2026-08-10,Wetland
-51.787831,-19.802866,2025-09-14,2026-08-10,Wetland
-52.510616,-21.312036,2025-09-14,2026-08-10,Wetland
-52.195846,-21.061945,2025-09-14,2026-08-10,Pasture
-52.450249,-21.070569,2025-09-14,2026-08-10,Pasture
-52.126855,-21.057633,2025-09-14,2026-08-10,Pasture
-52.122543,-21.064101,2025-09-14,2026-08-10,Pasture
-52.148415,-21.064101,2025-09-14,2026-08-10,Pasture
-52.107452,-21.064101,2025-09-14,2026-08-10,Pasture
-52.495524,-21.055477,2025-09-14,2026-08-10,Pasture
-52.109608,-21.061945,2025-09-14,2026-08-10,Pasture
-52.11392,-21.070569,2025-09-14,2026-08-10,Pasture
-52.126855,-21.061945,2025-09-14,2026-08-10,Pasture
-52.18291,-21.057633,2025-09-14,2026-08-10,Pasture
-52.542955,-21.051165,2025-09-14,2026-08-10,Pasture
-52.176442,-21.046853,2025-09-14,2026-08-10,Pasture
-52.135479,-21.066257,2025-09-14,2026-08-10,Pasture
-52.493368,-21.053321,2025-09-14,2026-08-10,Pasture
-52.187222,-21.046853,2025-09-14,2026-08-10,Pasture
-52.118232,-21.064101,2025-09-14,2026-08-10,Pasture
-52.11392,-21.046853,2025-09-14,2026-08-10,Pasture
-52.051397,-21.046853,2025-09-14,2026-08-10,Pasture
-52.540799,-21.061945,2025-09-14,2026-08-10,Pasture
-52.499836,-21.053321,2025-09-14,2026-08-10,Pasture
-52.165663,-21.066257,2025-09-14,2026-08-10,Pasture
-52.185066,-21.053321,2025-09-14,2026-08-10,Pasture
-52.521395,-21.055477,2025-09-14,2026-08-10,Pasture
-52.17213,-21.051165,2025-09-14,2026-08-10,Pasture
-52.068645,-21.042541,2025-09-14,2026-08-10,Pasture
-52.165663,-21.059789,2025-09-14,2026-08-10,Pasture
-52.167819,-21.055477,2025-09-14,2026-08-10,Pasture
-52.105296,-21.064101,2025-09-14,2026-08-10,Pasture
-52.144103,-21.070569,2025-09-14,2026-08-10,Pasture
-52.053553,-21.070569,2025-09-14,2026-08-10,Pasture
-52.191534,-21.055477,2025-09-14,2026-08-10,Pasture
-52.163507,-21.051165,2025-09-14,2026-08-10,Pasture
-52.051397,-21.059789,2025-09-14,2026-08-10,Pasture
-52.10314,-21.068413,2025-09-14,2026-08-10,Pasture
-52.120388,-21.046853,2025-09-14,2026-08-10,Pasture
-52.461029,-21.055477,2025-09-14,2026-08-10,Pasture
-52.051397,-21.068413,2025-09-14,2026-08-10,Pasture
-52.178598,-21.046853,2025-09-14,2026-08-10,Pasture
-52.187222,-21.055477,2025-09-14,2026-08-10,Pasture
-52.501992,-21.049009,2025-09-14,2026-08-10,Pasture
-52.154883,-21.066257,2025-09-14,2026-08-10,Pasture
-52.152727,-21.051165,2025-09-14,2026-08-10,Pasture
-52.521395,-21.046853,2025-09-14,2026-08-10,Pasture
-52.452405,-21.072725,2025-09-14,2026-08-10,Pasture
-52.478276,-21.042541,2025-09-14,2026-08-10,Pasture
-52.049241,-21.049009,2025-09-14,2026-08-10,Pasture
-52.538643,-21.070569,2025-09-14,2026-08-10,Pasture
-52.176442,-21.070569,2025-09-14,2026-08-10,Pasture
-52.452405,-21.066257,2025-09-14,2026-08-10,Pasture
-52.150571,-21.049009,2025-09-14,2026-08-10,Pasture
-52.510616,-21.046853,2025-09-14,2026-08-10,Pasture
-52.558047,-21.042541,2025-09-14,2026-08-10,Pasture
-52.109608,-21.053321,2025-09-14,2026-08-10,Pasture
-52.452405,-21.068413,2025-09-14,2026-08-10,Pasture
-52.553735,-21.061945,2025-09-14,2026-08-10,Pasture
-52.152727,-21.064101,2025-09-14,2026-08-10,Pasture
-52.545111,-21.042541,2025-09-14,2026-08-10,Pasture
-52.187222,-21.051165,2025-09-14,2026-08-10,Pasture
-52.152727,-21.049009,2025-09-14,2026-08-10,Pasture
-52.178598,-21.059789,2025-09-14,2026-08-10,Pasture
-52.057865,-21.059789,2025-09-14,2026-08-10,Pasture
-52.066489,-21.042541,2025-09-14,2026-08-10,Pasture
-52.072956,-21.051165,2025-09-14,2026-08-10,Pasture
-52.154883,-21.059789,2025-09-14,2026-08-10,Pasture
-52.538643,-21.068413,2025-09-14,2026-08-10,Pasture
-52.504148,-21.044697,2025-09-14,2026-08-10,Pasture
-52.064333,-21.049009,2025-09-14,2026-08-10,Pasture
-52.120388,-21.042541,2025-09-14,2026-08-10,Pasture
-52.124699,-21.064101,2025-09-14,2026-08-10,Pasture
-52.501992,-21.044697,2025-09-14,2026-08-10,Pasture
-52.551579,-21.044697,2025-09-14,2026-08-10,Pasture
-52.165663,-21.057633,2025-09-14,2026-08-10,Pasture
-52.055709,-21.064101,2025-09-14,2026-08-10,Pasture
-52.070801,-21.053321,2025-09-14,2026-08-10,Pasture
-52.047085,-21.055477,2025-09-14,2026-08-10,Pasture
-52.135479,-21.057633,2025-09-14,2026-08-10,Pasture
-52.185066,-21.066257,2025-09-14,2026-08-10,Pasture
-52.545111,-21.051165,2025-09-14,2026-08-10,Pasture
-52.139791,-21.055477,2025-09-14,2026-08-10,Pasture
-52.540799,-21.042541,2025-09-14,2026-08-10,Pasture
-52.174286,-21.059789,2025-09-14,2026-08-10,Pasture
-52.17213,-21.068413,2025-09-14,2026-08-10,Pasture
-52.478276,-21.044697,2025-09-14,2026-08-10,Pasture
-52.133323,-21.059789,2025-09-14,2026-08-10,Pasture
-52.051397,-21.049009,2025-09-14,2026-08-10,Pasture
-52.542955,-21.042541,2025-09-14,2026-08-10,Pasture
-52.057865,-21.064101,2025-09-14,2026-08-10,Pasture
-52.049241,-21.068413,2025-09-14,2026-08-10,Pasture
-52.178598,-21.051165,2025-09-14,2026-08-10,Pasture
-52.159195,-21.064101,2025-09-14,2026-08-10,Pasture
-52.105296,-21.061945,2025-09-14,2026-08-10,Pasture
-52.456717,-21.072725,2025-09-14,2026-08-10,Pasture
-52.18291,-21.064101,2025-09-14,2026-08-10,Pasture
-52.141947,-21.059789,2025-09-14,2026-08-10,Pasture
-52.549423,-21.044697,2025-09-14,2026-08-10,Pasture
-52.501992,-21.042541,2025-09-14,2026-08-10,Pasture
-52.18291,-21.044697,2025-09-14,2026-08-10,Pasture
-52.538643,-21.066257,2025-09-14,2026-08-10,Pasture
-52.051397,-21.053321,2025-09-14,2026-08-10,Pasture
-52.066489,-21.049009,2025-09-14,2026-08-10,Pasture
-52.501992,-21.057633,2025-09-14,2026-08-10,Pasture
-52.157039,-21.046853,2025-09-14,2026-08-10,Pasture
-52.111764,-21.044697,2025-09-14,2026-08-10,Pasture
-52.545111,-21.064101,2025-09-14,2026-08-10,Pasture
-52.180754,-21.051165,2025-09-14,2026-08-10,Pasture
-52.167819,-21.070569,2025-09-14,2026-08-10,Pasture
-52.161351,-21.055477,2025-09-14,2026-08-10,Pasture
-52.169975,-21.046853,2025-09-14,2026-08-10,Pasture
-52.111764,-21.051165,2025-09-14,2026-08-10,Pasture
-52.534331,-21.070569,2025-09-14,2026-08-10,Pasture
-52.540799,-21.072725,2025-09-14,2026-08-10,Pasture
-52.070801,-21.046853,2025-09-14,2026-08-10,Pasture
-52.090204,-21.044697,2025-09-14,2026-08-10,Pasture
-52.452405,-21.064101,2025-09-14,2026-08-10,Pasture
-52.185066,-21.044697,2025-09-14,2026-08-10,Pasture
-52.051397,-21.051165,2025-09-14,2026-08-10,Pasture
-52.178598,-21.053321,2025-09-14,2026-08-10,Pasture
-52.458873,-21.066257,2025-09-14,2026-08-10,Pasture
-52.150571,-21.070569,2025-09-14,2026-08-10,Pasture
-52.131167,-21.057633,2025-09-14,2026-08-10,Pasture
-52.176442,-21.068413,2025-09-14,2026-08-10,Pasture
-52.159195,-21.051165,2025-09-14,2026-08-10,Pasture
-52.191534,-21.061945,2025-09-14,2026-08-10,Pasture
-52.150571,-21.053321,2025-09-14,2026-08-10,Pasture
-52.060021,-21.049009,2025-09-14,2026-08-10,Pasture
-52.148415,-21.049009,2025-09-14,2026-08-10,Pasture
-52.055709,-21.061945,2025-09-14,2026-08-10,Pasture
-52.135479,-21.059789,2025-09-14,2026-08-10,Pasture
-52.098828,-21.051165,2025-09-14,2026-08-10,Pasture
-52.560203,-21.049009,2025-09-14,2026-08-10,Pasture
-52.154883,-21.064101,2025-09-14,2026-08-10,Pasture
-52.120388,-21.051165,2025-09-14,2026-08-10,Pasture
-52.47612,-21.046853,2025-09-14,2026-08-10,Pasture
-52.187222,-21.059789,2025-09-14,2026-08-10,Pasture
-52.137635,-21.053321,2025-09-14,2026-08-10,Pasture
-52.053553,-21.055477,2025-09-14,2026-08-10,Pasture
-52.085892,-21.044697,2025-09-14,2026-08-10,Pasture
-52.180754,-21.053321,2025-09-14,2026-08-10,Pasture
-52.198002,-21.066257,2025-09-14,2026-08-10,Pasture
-52.169975,-21.042541,2025-09-14,2026-08-10,Pasture
-52.523551,-21.044697,2025-09-14,2026-08-10,Pasture
-52.062177,-21.049009,2025-09-14,2026-08-10,Pasture
-52.461029,-21.057633,2025-09-14,2026-08-10,Pasture
-52.159195,-21.057633,2025-09-14,2026-08-10,Pasture
-52.185066,-21.046853,2025-09-14,2026-08-10,Pasture
-52.120388,-21.053321,2025-09-14,2026-08-10,Pasture
-52.450249,-21.068413,2025-09-14,2026-08-10,Pasture
-52.049241,-21.055477,2025-09-14,2026-08-10,Pasture
-52.471808,-21.046853,2025-09-14,2026-08-10,Pasture
-52.137635,-21.059789,2025-09-14,2026-08-10,Pasture
-52.540799,-21.070569,2025-09-14,2026-08-10,Pasture
-52.165663,-21.046853,2025-09-14,2026-08-10,Pasture
-52.517084,-21.057633,2025-09-14,2026-08-10,Pasture
-52.144103,-21.057633,2025-09-14,2026-08-10,Pasture
-52.051397,-21.057633,2025-09-14,2026-08-10,Pasture
-52.157039,-21.068413,2025-09-14,2026-08-10,Pasture
-52.499836,-21.042541,2025-09-14,2026-08-10,Pasture
-52.066489,-21.053321,2025-09-14,2026-08-10,Pasture
-52.161351,-21.049009,2025-09-14,2026-08-10,Pasture
-52.167819,-21.042541,2025-09-14,2026-08-10,Pasture
-52.154883,-21.061945,2025-09-14,2026-08-10,Pasture
-52.534331,-21.072725,2025-09-14,2026-08-10,Pasture
-52.105296,-21.044697,2025-09-14,2026-08-10,Pasture
-52.053553,-21.044697,2025-09-14,2026-08-10,Pasture
-52.553735,-21.064101,2025-09-14,2026-08-10,Pasture
-52.187222,-21.057633,2025-09-14,2026-08-10,Pasture
-52.195846,-21.068413,2025-09-14,2026-08-10,Pasture
-52.137635,-21.068413,2025-09-14,2026-08-10,Pasture
-52.139791,-21.066257,2025-09-14,2026-08-10,Pasture
-52.178598,-21.049009,2025-09-14,2026-08-10,Pasture
-52.536487,-21.064101,2025-09-14,2026-08-10,Pasture
-52.150571,-21.064101,2025-09-14,2026-08-10,Pasture
-52.068645,-21.044697,2025-09-14,2026-08-10,Pasture
-52.098828,-21.049009,2025-09-14,2026-08-10,Pasture
-52.077268,-21.042541,2025-09-14,2026-08-10,Pasture
-52.109608,-21.044697,2025-09-14,2026-08-10,Pasture
-52.167819,-21.053321,2025-09-14,2026-08-10,Pasture
-52.096672,-21.051165,2025-09-14,2026-08-10,Pasture
-52.053553,-21.049009,2025-09-14,2026-08-10,Pasture
-52.131167,-21.061945,2025-09-14,2026-08-10,Pasture
-52.116076,-21.064101,2025-09-14,2026-08-10,Pasture
-52.109608,-21.066257,2025-09-14,2026-08-10,Pasture
-52.501992,-21.055477,2025-09-14,2026-08-10,Pasture
-52.105296,-21.070569,2025-09-14,2026-08-10,Pasture
-52.139791,-21.059789,2025-09-14,2026-08-10,Pasture
-52.09236,-21.042541,2025-09-14,2026-08-10,Pasture
-52.105296,-21.068413,2025-09-14,2026-08-10,Pasture
-52.558047,-21.046853,2025-09-14,2026-08-10,Pasture
-52.161351,-21.057633,2025-09-14,2026-08-10,Pasture
-52.555891,-21.057633,2025-09-14,2026-08-10,Pasture
-52.152727,-21.046853,2025-09-14,2026-08-10,Pasture
-52.135479,-21.064101,2025-09-14,2026-08-10,Pasture
-52.08158,-21.044697,2025-09-14,2026-08-10,Pasture
-52.499836,-21.055477,2025-09-14,2026-08-10,Pasture
-52.558047,-21.061945,2025-09-14,2026-08-10,Pasture
-52.161351,-21.059789,2025-09-14,2026-08-10,Pasture
-52.141947,-21.070569,2025-09-14,2026-08-10,Pasture
-52.159195,-21.049009,2025-09-14,2026-08-10,Pasture
-52.154883,-21.068413,2025-09-14,2026-08-10,Pasture
-52.116076,-21.247357,2025-09-14,2026-08-10,Sugarcane
-52.051397,-21.238734,2025-09-14,2026-08-10,Sugarcane
-52.133323,-21.215018,2025-09-14,2026-08-10,Sugarcane
-52.640243,-18.952072,2025-09-14,2026-08-10,Sugarcane
-52.066489,-21.301256,2025-09-14,2026-08-10,Sugarcane
-52.129011,-21.264605,2025-09-14,2026-08-10,Sugarcane
-52.060021,-21.292632,2025-09-14,2026-08-10,Sugarcane
-52.146259,-21.236578,2025-09-14,2026-08-10,Sugarcane
-52.146259,-21.217174,2025-09-14,2026-08-10,Sugarcane
-52.133323,-21.268917,2025-09-14,2026-08-10,Sugarcane
-52.014746,-21.275385,2025-09-14,2026-08-10,Sugarcane
-52.131167,-21.21933,2025-09-14,2026-08-10,Sugarcane
-52.055709,-21.247357,2025-09-14,2026-08-10,Sugarcane
-52.148415,-21.236578,2025-09-14,2026-08-10,Sugarcane
-52.135479,-21.238734,2025-09-14,2026-08-10,Sugarcane
-52.014746,-21.154651,2025-09-14,2026-08-10,Sugarcane
-52.131167,-21.275385,2025-09-14,2026-08-10,Sugarcane
-52.019058,-21.146027,2025-09-14,2026-08-10,Sugarcane
-52.047085,-21.247357,2025-09-14,2026-08-10,Sugarcane
-52.025525,-21.158963,2025-09-14,2026-08-10,Sugarcane
-52.021214,-21.163275,2025-09-14,2026-08-10,Sugarcane
-52.023369,-21.143871,2025-09-14,2026-08-10,Sugarcane
-52.144103,-21.210706,2025-09-14,2026-08-10,Sugarcane
-52.01259,-21.286165,2025-09-14,2026-08-10,Sugarcane
-52.111764,-21.249513,2025-09-14,2026-08-10,Sugarcane
-52.629463,-18.960696,2025-09-14,2026-08-10,Sugarcane
-52.019058,-21.167587,2025-09-14,2026-08-10,Sugarcane
-52.64671,-18.956384,2025-09-14,2026-08-10,Sugarcane
-52.640243,-18.960696,2025-09-14,2026-08-10,Sugarcane
-52.131167,-21.227954,2025-09-14,2026-08-10,Sugarcane
-52.014746,-21.271073,2025-09-14,2026-08-10,Sugarcane
-52.139791,-21.221486,2025-09-14,2026-08-10,Sugarcane
-52.135479,-21.268917,2025-09-14,2026-08-10,Sugarcane
-52.133323,-21.217174,2025-09-14,2026-08-10,Sugarcane
-52.051397,-21.247357,2025-09-14,2026-08-10,Sugarcane
-52.01259,-21.275385,2025-09-14,2026-08-10,Sugarcane
-52.131167,-21.264605,2025-09-14,2026-08-10,Sugarcane
-52.139791,-21.217174,2025-09-14,2026-08-10,Sugarcane
-52.100984,-21.255981,2025-09-14,2026-08-10,Sugarcane
-52.023369,-21.154651,2025-09-14,2026-08-10,Sugarcane
-52.023369,-21.152495,2025-09-14,2026-08-10,Sugarcane
-52.131167,-21.215018,2025-09-14,2026-08-10,Sugarcane
-52.129011,-21.275385,2025-09-14,2026-08-10,Sugarcane
-52.135479,-21.23011,2025-09-14,2026-08-10,Sugarcane
-52.01259,-21.277541,2025-09-14,2026-08-10,Sugarcane
-52.066489,-21.268917,2025-09-14,2026-08-10,Sugarcane
-52.148415,-21.217174,2025-09-14,2026-08-10,Sugarcane
-52.141947,-21.212862,2025-09-14,2026-08-10,Sugarcane
-52.01259,-21.158963,2025-09-14,2026-08-10,Sugarcane
-52.064333,-21.296944,2025-09-14,2026-08-10,Sugarcane
-52.139791,-21.236578,2025-09-14,2026-08-10,Sugarcane
-52.016902,-21.279697,2025-09-14,2026-08-10,Sugarcane
-52.010434,-21.163275,2025-09-14,2026-08-10,Sugarcane
-52.109608,-21.247357,2025-09-14,2026-08-10,Sugarcane
-52.057865,-21.2991,2025-09-14,2026-08-10,Sugarcane
-52.010434,-21.154651,2025-09-14,2026-08-10,Sugarcane
-52.146259,-21.21933,2025-09-14,2026-08-10,Sugarcane
-52.031993,-21.146027,2025-09-14,2026-08-10,Sugarcane
-52.126855,-21.271073,2025-09-14,2026-08-10,Sugarcane
-52.105296,-21.249513,2025-09-14,2026-08-10,Sugarcane
-52.152727,-21.236578,2025-09-14,2026-08-10,Sugarcane
-52.014746,-21.277541,2025-09-14,2026-08-10,Sugarcane
-52.047085,-21.337908,2025-09-14,2026-08-10,Sugarcane
-52.144103,-21.215018,2025-09-14,2026-08-10,Sugarcane
-52.016902,-21.143871,2025-09-14,2026-08-10,Sugarcane
-52.064333,-21.305568,2025-09-14,2026-08-10,Sugarcane
-52.025525,-21.156807,2025-09-14,2026-08-10,Sugarcane
-52.129011,-21.277541,2025-09-14,2026-08-10,Sugarcane
-52.144103,-21.236578,2025-09-14,2026-08-10,Sugarcane
-52.135479,-21.234422,2025-09-14,2026-08-10,Sugarcane
-52.010434,-21.290476,2025-09-14,2026-08-10,Sugarcane
-52.064333,-21.301256,2025-09-14,2026-08-10,Sugarcane
-52.09236,-21.266761,2025-09-14,2026-08-10,Sugarcane
-52.141947,-21.234422,2025-09-14,2026-08-10,Sugarcane
-52.055709,-21.234422,2025-09-14,2026-08-10,Sugarcane
-52.144103,-21.204238,2025-09-14,2026-08-10,Sugarcane
-52.10314,-21.253825,2025-09-14,2026-08-10,Sugarcane
-52.038461,-21.146027,2025-09-14,2026-08-10,Sugarcane
-52.027681,-21.156807,2025-09-14,2026-08-10,Sugarcane
-52.044929,-21.337908,2025-09-14,2026-08-10,Sugarcane
-52.152727,-21.234422,2025-09-14,2026-08-10,Sugarcane
-52.644555,-18.952072,2025-09-14,2026-08-10,Sugarcane
-52.141947,-21.238734,2025-09-14,2026-08-10,Sugarcane
-52.137635,-21.215018,2025-09-14,2026-08-10,Sugarcane
-52.014746,-21.284009,2025-09-14,2026-08-10,Sugarcane
-52.036305,-21.150339,2025-09-14,2026-08-10,Sugarcane
-52.064333,-21.266761,2025-09-14,2026-08-10,Sugarcane
-52.023369,-21.161119,2025-09-14,2026-08-10,Sugarcane
-52.111764,-21.245201,2025-09-14,2026-08-10,Sugarcane
-52.135479,-21.223642,2025-09-14,2026-08-10,Sugarcane
-52.068645,-21.312036,2025-09-14,2026-08-10,Sugarcane
-52.068645,-21.268917,2025-09-14,2026-08-10,Sugarcane
-52.057865,-21.301256,2025-09-14,2026-08-10,Sugarcane
-52.135479,-21.221486,2025-09-14,2026-08-10,Sugarcane
-52.148415,-21.215018,2025-09-14,2026-08-10,Sugarcane
-52.644555,-18.956384,2025-09-14,2026-08-10,Sugarcane
-52.023369,-21.148183,2025-09-14,2026-08-10,Sugarcane
-52.131167,-21.210706,2025-09-14,2026-08-10,Sugarcane
-52.062177,-21.294788,2025-09-14,2026-08-10,Sugarcane
-52.141947,-21.21933,2025-09-14,2026-08-10,Sugarcane
-52.131167,-21.225798,2025-09-14,2026-08-10,Sugarcane
-52.094516,-21.264605,2025-09-14,2026-08-10,Sugarcane
-52.053553,-21.234422,2025-09-14,2026-08-10,Sugarcane
-52.01259,-21.281853,2025-09-14,2026-08-10,Sugarcane
-52.098828,-21.255981,2025-09-14,2026-08-10,Sugarcane
-52.139791,-21.225798,2025-09-14,2026-08-10,Sugarcane
-52.148415,-21.210706,2025-09-14,2026-08-10,Sugarcane
-52.042773,-21.340063,2025-09-14,2026-08-10,Sugarcane
-52.146259,-21.212862,2025-09-14,2026-08-10,Sugarcane
-52.066489,-21.307724,2025-09-14,2026-08-10,Sugarcane
-52.640243,-18.95854,2025-09-14,2026-08-10,Sugarcane
-52.131167,-21.234422,2025-09-14,2026-08-10,Sugarcane
-52.642399,-18.956384,2025-09-14,2026-08-10,Sugarcane
-52.10314,-21.255981,2025-09-14,2026-08-10,Sugarcane
-52.129011,-21.21933,2025-09-14,2026-08-10,Sugarcane
-52.068645,-21.275385,2025-09-14,2026-08-10,Sugarcane
-52.010434,-21.156807,2025-09-14,2026-08-10,Sugarcane
-52.062177,-21.301256,2025-09-14,2026-08-10,Sugarcane
-52.10314,-21.249513,2025-09-14,2026-08-10,Sugarcane
-52.070801,-21.314192,2025-09-14,2026-08-10,Sugarcane
-52.047085,-21.346531,2025-09-14,2026-08-10,Sugarcane
-52.129011,-21.223642,2025-09-14,2026-08-10,Sugarcane
-52.640243,-18.956384,2025-09-14,2026-08-10,Sugarcane
-52.064333,-21.268917,2025-09-14,2026-08-10,Sugarcane
-52.10314,-21.251669,2025-09-14,2026-08-10,Sugarcane
-52.10314,-21.258137,2025-09-14,2026-08-10,Sugarcane
-52.129011,-21.273229,2025-09-14,2026-08-10,Sugarcane
-52.064333,-21.303412,2025-09-14,2026-08-10,Sugarcane
-52.014746,-21.273229,2025-09-14,2026-08-10,Sugarcane
-52.068645,-21.305568,2025-09-14,2026-08-10,Sugarcane
-52.150571,-21.234422,2025-09-14,2026-08-10,Sugarcane
-52.072956,-21.316348,2025-09-14,2026-08-10,Sugarcane
-52.135479,-21.264605,2025-09-14,2026-08-10,Sugarcane
-52.133323,-21.23011,2025-09-14,2026-08-10,Sugarcane
-52.044929,-21.340063,2025-09-14,2026-08-10,Sugarcane
-52.141947,-21.210706,2025-09-14,2026-08-10,Sugarcane
-52.139791,-21.234422,2025-09-14,2026-08-10,Sugarcane
-52.066489,-21.266761,2025-09-14,2026-08-10,Sugarcane
-52.096672,-21.260293,2025-09-14,2026-08-10,Sugarcane
-52.144103,-21.212862,2025-09-14,2026-08-10,Sugarcane
-52.141947,-21.236578,2025-09-14,2026-08-10,Sugarcane
-52.049241,-21.342219,2025-09-14,2026-08-10,Sugarcane
-52.055709,-21.245201,2025-09-14,2026-08-10,Sugarcane
-52.135479,-21.212862,2025-09-14,2026-08-10,Sugarcane
-52.146259,-21.210706,2025-09-14,2026-08-10,Sugarcane
-52.016902,-21.146027,2025-09-14,2026-08-10,Sugarcane
-52.053553,-21.247357,2025-09-14,2026-08-10,Sugarcane
-52.042773,-21.342219,2025-09-14,2026-08-10,Sugarcane
-52.025525,-21.163275,2025-09-14,2026-08-10,Sugarcane
-52.070801,-21.30988,2025-09-14,2026-08-10,Sugarcane
-52.144103,-21.223642,2025-09-14,2026-08-10,Sugarcane
-52.068645,-21.30988,2025-09-14,2026-08-10,Sugarcane
-52.139791,-21.20855,2025-09-14,2026-08-10,Sugarcane
-52.053553,-21.240889,2025-09-14,2026-08-10,Sugarcane
-52.131167,-21.223642,2025-09-14,2026-08-10,Sugarcane
-52.148415,-21.234422,2025-09-14,2026-08-10,Sugarcane
-52.137635,-21.236578,2025-09-14,2026-08-10,Sugarcane
-52.111764,-21.247357,2025-09-14,2026-08-10,Sugarcane
-52.137635,-21.210706,2025-09-14,2026-08-10,Sugarcane
-52.019058,-21.169743,2025-09-14,2026-08-10,Sugarcane
-52.109608,-21.249513,2025-09-14,2026-08-10,Sugarcane
-52.010434,-21.152495,2025-09-14,2026-08-10,Sugarcane
-52.146259,-21.223642,2025-09-14,2026-08-10,Sugarcane
-52.135479,-21.215018,2025-09-14,2026-08-10,Sugarcane
-52.141947,-21.20855,2025-09-14,2026-08-10,Sugarcane
-52.131167,-21.273229,2025-09-14,2026-08-10,Sugarcane
-52.062177,-21.292632,2025-09-14,2026-08-10,Sugarcane
-52.144103,-21.206394,2025-09-14,2026-08-10,Sugarcane
-52.021214,-21.158963,2025-09-14,2026-08-10,Sugarcane
-52.053553,-21.236578,2025-09-14,2026-08-10,Sugarcane
-52.141947,-21.232266,2025-09-14,2026-08-10,Sugarcane
-52.075112,-21.312036,2025-09-14,2026-08-10,Sugarcane
-52.027681,-21.161119,2025-09-14,2026-08-10,Sugarcane
-52.096672,-21.262449,2025-09-14,2026-08-10,Sugarcane
-52.135479,-21.262449,2025-09-14,2026-08-10,Sugarcane
-52.144103,-21.217174,2025-09-14,2026-08-10,Sugarcane
-52.010434,-21.161119,2025-09-14,2026-08-10,Sugarcane
-52.139791,-21.238734,2025-09-14,2026-08-10,Sugarcane
-52.044929,-21.342219,2025-09-14,2026-08-10,Sugarcane
-52.133323,-21.221486,2025-09-14,2026-08-10,Sugarcane
-52.146259,-21.20855,2025-09-14,2026-08-10,Sugarcane
-52.644555,-18.949916,2025-09-14,2026-08-10,Sugarcane
-52.146259,-21.23011,2025-09-14,2026-08-10,Sugarcane
-52.047085,-21.344375,2025-09-14,2026-08-10,Sugarcane
-52.047085,-21.340063,2025-09-14,2026-08-10,Sugarcane
-52.131167,-21.212862,2025-09-14,2026-08-10,Sugarcane
-52.051397,-21.240889,2025-09-14,2026-08-10,Sugarcane
-52.100984,-21.262449,2025-09-14,2026-08-10,Sugarcane
-52.023369,-21.165431,2025-09-14,2026-08-10,Sugarcane
-52.021214,-21.165431,2025-09-14,2026-08-10,Sugarcane
-52.139791,-21.23011,2025-09-14,2026-08-10,Sugarcane
-52.141947,-21.221486,2025-09-14,2026-08-10,Sugarcane
-52.131167,-21.236578,2025-09-14,2026-08-10,Sugarcane
-52.631619,-18.95854,2025-09-14,2026-08-10,Sugarcane
-52.11392,-21.247357,2025-09-14,2026-08-10,Sugarcane
-52.131167,-21.271073,2025-09-14,2026-08-10,Sugarcane
-52.633775,-18.960696,2025-09-14,2026-08-10,Sugarcane
-52.107452,-21.249513,2025-09-14,2026-08-10,Sugarcane
-52.014746,-21.286165,2025-09-14,2026-08-10,Sugarcane
-52.064333,-21.2991,2025-09-14,2026-08-10,Sugarcane
-52.019058,-21.495292,2025-09-14,2026-08-10,Water
-52.057865,-21.499604,2025-09-14,2026-08-10,Water
-52.021214,-21.445705,2025-09-14,2026-08-10,Water
-52.01259,-21.473733,2025-09-14,2026-08-10,Water
-52.070801,-21.510384,2025-09-14,2026-08-10,Water
-52.044929,-21.486669,2025-09-14,2026-08-10,Water
-52.055709,-21.493136,2025-09-14,2026-08-10,Water
-52.034149,-21.478045,2025-09-14,2026-08-10,Water
-52.055709,-21.50176,2025-09-14,2026-08-10,Water
-52.027681,-21.497448,2025-09-14,2026-08-10,Water
-52.023369,-21.493136,2025-09-14,2026-08-10,Water
-52.031993,-21.482357,2025-09-14,2026-08-10,Water
-52.042773,-21.493136,2025-09-14,2026-08-10,Water
-52.010434,-21.499604,2025-09-14,2026-08-10,Water
-52.023369,-21.49098,2025-09-14,2026-08-10,Water
-52.038461,-21.49098,2025-09-14,2026-08-10,Water
-52.010434,-21.434926,2025-09-14,2026-08-10,Water
-52.027681,-21.503916,2025-09-14,2026-08-10,Water
-52.016902,-21.439237,2025-09-14,2026-08-10,Water
-52.021214,-21.458641,2025-09-14,2026-08-10,Water
-52.057865,-21.50176,2025-09-14,2026-08-10,Water
-52.044929,-21.499604,2025-09-14,2026-08-10,Water
-52.025525,-21.458641,2025-09-14,2026-08-10,Water
-52.038461,-21.484513,2025-09-14,2026-08-10,Water
-52.029837,-21.478045,2025-09-14,2026-08-10,Water
-52.070801,-21.506072,2025-09-14,2026-08-10,Water
-52.034149,-21.506072,2025-09-14,2026-08-10,Water
-52.01259,-21.447861,2025-09-14,2026-08-10,Water
-52.027681,-21.486669,2025-09-14,2026-08-10,Water
-52.027681,-21.478045,2025-09-14,2026-08-10,Water
-52.031993,-21.49098,2025-09-14,2026-08-10,Water
-52.014746,-21.443549,2025-09-14,2026-08-10,Water
-52.014746,-21.50176,2025-09-14,2026-08-10,Water
-52.014746,-21.445705,2025-09-14,2026-08-10,Water
-52.021214,-21.50176,2025-09-14,2026-08-10,Water
-52.010434,-21.510384,2025-09-14,2026-08-10,Water
-52.066489,-21.508228,2025-09-14,2026-08-10,Water
-52.044929,-21.497448,2025-09-14,2026-08-10,Water
-52.025525,-21.493136,2025-09-14,2026-08-10,Water
-52.016902,-21.488824,2025-09-14,2026-08-10,Water
-52.016902,-21.452173,2025-09-14,2026-08-10,Water
-52.135479,-21.514696,2025-09-14,2026-08-10,Water
-52.049241,-21.495292,2025-09-14,2026-08-10,Water
-52.01259,-21.471577,2025-09-14,2026-08-10,Water
-52.027681,-21.488824,2025-09-14,2026-08-10,Water
-52.044929,-21.503916,2025-09-14,2026-08-10,Water
-52.016902,-21.437082,2025-09-14,2026-08-10,Water
-52.019058,-21.469421,2025-09-14,2026-08-10,Water
-52.029837,-21.475889,2025-09-14,2026-08-10,Water
-52.010434,-21.441393,2025-09-14,2026-08-10,Water
-52.021214,-21.478045,2025-09-14,2026-08-10,Water
-52.034149,-21.488824,2025-09-14,2026-08-10,Water
-52.025525,-21.488824,2025-09-14,2026-08-10,Water
-52.062177,-21.499604,2025-09-14,2026-08-10,Water
-52.064333,-21.50176,2025-09-14,2026-08-10,Water
-52.016902,-21.456485,2025-09-14,2026-08-10,Water
-52.01259,-21.503916,2025-09-14,2026-08-10,Water
-52.034149,-21.508228,2025-09-14,2026-08-10,Water
-52.014746,-21.508228,2025-09-14,2026-08-10,Water
-52.023369,-21.482357,2025-09-14,2026-08-10,Water
-52.023369,-21.50176,2025-09-14,2026-08-10,Water
-52.072956,-21.506072,2025-09-14,2026-08-10,Water
-52.066489,-21.503916,2025-09-14,2026-08-10,Water
-52.060021,-21.493136,2025-09-14,2026-08-10,Water
-52.019058,-21.484513,2025-09-14,2026-08-10,Water
-52.040617,-21.50176,2025-09-14,2026-08-10,Water
-52.049241,-21.503916,2025-09-14,2026-08-10,Water
-52.042773,-21.506072,2025-09-14,2026-08-10,Water
-52.025525,-21.480201,2025-09-14,2026-08-10,Water
-52.072956,-21.510384,2025-09-14,2026-08-10,Water
-52.034149,-21.49098,2025-09-14,2026-08-10,Water
-52.077268,-21.514696,2025-09-14,2026-08-10,Water
-52.029837,-21.480201,2025-09-14,2026-08-10,Water
-52.014746,-21.441393,2025-09-14,2026-08-10,Water
-52.023369,-21.473733,2025-09-14,2026-08-10,Water
-52.014746,-21.456485,2025-09-14,2026-08-10,Water
-52.021214,-21.450017,2025-09-14,2026-08-10,Water
-52.053553,-21.50176,2025-09-14,2026-08-10,Water
-52.051397,-21.495292,2025-09-14,2026-08-10,Water
-52.019058,-21.503916,2025-09-14,2026-08-10,Water
-52.034149,-21.486669,2025-09-14,2026-08-10,Water
-52.01259,-21.480201,2025-09-14,2026-08-10,Water
-52.016902,-21.480201,2025-09-14,2026-08-10,Water
-52.042773,-21.488824,2025-09-14,2026-08-10,Water
-52.066489,-21.499604,2025-09-14,2026-08-10,Water
-52.016902,-21.454329,2025-09-14,2026-08-10,Water
-52.014746,-21.430614,2025-09-14,2026-08-10,Water
-52.027681,-21.471577,2025-09-14,2026-08-10,Water
-52.016902,-21.458641,2025-09-14,2026-08-10,Water
-52.027681,-21.467265,2025-09-14,2026-08-10,Water
-52.010434,-21.437082,2025-09-14,2026-08-10,Water
-52.021214,-21.482357,2025-09-14,2026-08-10,Water
-52.016902,-21.445705,2025-09-14,2026-08-10,Water
-52.019058,-21.49098,2025-09-14,2026-08-10,Water
-52.025525,-21.497448,2025-09-14,2026-08-10,Water
-52.025525,-21.478045,2025-09-14,2026-08-10,Water
-52.025525,-21.469421,2025-09-14,2026-08-10,Water
-52.01259,-21.493136,2025-09-14,2026-08-10,Water
-52.049241,-21.493136,2025-09-14,2026-08-10,Water
-52.019058,-21.510384,2025-09-14,2026-08-10,Water
-52.01259,-21.434926,2025-09-14,2026-08-10,Water
-52.016902,-21.508228,2025-09-14,2026-08-10,Water
-52.023369,-21.508228,2025-09-14,2026-08-10,Water
-52.021214,-21.499604,2025-09-14,2026-08-10,Water
-52.014746,-21.439237,2025-09-14,2026-08-10,Water
-52.027681,-21.460797,2025-09-14,2026-08-10,Water
-52.047085,-21.50176,2025-09-14,2026-08-10,Water
-52.019058,-21.465109,2025-09-14,2026-08-10,Water
-52.038461,-21.495292,2025-09-14,2026-08-10,Water
-52.031993,-21.50176,2025-09-14,2026-08-10,Water
-52.014746,-21.503916,2025-09-14,2026-08-10,Water
-52.023369,-21.478045,2025-09-14,2026-08-10,Water
-52.064333,-21.497448,2025-09-14,2026-08-10,Water
-52.025525,-21.49098,2025-09-14,2026-08-10,Water
-52.029837,-21.497448,2025-09-14,2026-08-10,Water
-52.068645,-21.503916,2025-09-14,2026-08-10,Water
-52.042773,-21.486669,2025-09-14,2026-08-10,Water
-52.027681,-21.49098,2025-09-14,2026-08-10,Water
-52.051397,-21.499604,2025-09-14,2026-08-10,Water
-52.031993,-21.484513,2025-09-14,2026-08-10,Water
-52.027681,-21.465109,2025-09-14,2026-08-10,Water
-52.040617,-21.506072,2025-09-14,2026-08-10,Water
-52.019058,-21.450017,2025-09-14,2026-08-10,Water
-52.023369,-21.469421,2025-09-14,2026-08-10,Water
-52.014746,-21.495292,2025-09-14,2026-08-10,Water
-52.042773,-21.499604,2025-09-14,2026-08-10,Water
-52.070801,-21.508228,2025-09-14,2026-08-10,Water
-52.079424,-21.516852,2025-09-14,2026-08-10,Water
-52.042773,-21.49098,2025-09-14,2026-08-10,Water
-52.027681,-21.480201,2025-09-14,2026-08-10,Water
-52.014746,-21.497448,2025-09-14,2026-08-10,Water
-52.019058,-21.462953,2025-09-14,2026-08-10,Water
-52.01259,-21.482357,2025-09-14,2026-08-10,Water
-52.075112,-21.510384,2025-09-14,2026-08-10,Water
-52.025525,-21.471577,2025-09-14,2026-08-10,Water
-52.029837,-21.467265,2025-09-14,2026-08-10,Water
-52.023369,-21.460797,2025-09-14,2026-08-10,Water
-52.079424,-21.514696,2025-09-14,2026-08-10,Water
-52.019058,-21.445705,2025-09-14,2026-08-10,Water
-52.064333,-21.503916,2025-09-14,2026-08-10,Water
-52.031993,-21.480201,2025-09-14,2026-08-10,Water
-52.047085,-21.493136,2025-09-14,2026-08-10,Water
-52.068645,-21.506072,2025-09-14,2026-08-10,Water
-52.029837,-21.508228,2025-09-14,2026-08-10,Water
-52.029837,-21.471577,2025-09-14,2026-08-10,Water
-52.010434,-21.426302,2025-09-14,2026-08-10,Water
-52.023369,-21.456485,2025-09-14,2026-08-10,Water
-52.014746,-21.450017,2025-09-14,2026-08-10,Water
-52.053553,-21.503916,2025-09-14,2026-08-10,Water
-52.021214,-21.475889,2025-09-14,2026-08-10,Water
-52.016902,-21.473733,2025-09-14,2026-08-10,Water
-52.049241,-21.50176,2025-09-14,2026-08-10,Water
-52.053553,-21.495292,2025-09-14,2026-08-10,Water
-52.025525,-21.462953,2025-09-14,2026-08-10,Water
-52.021214,-21.497448,2025-09-14,2026-08-10,Water
-52.055709,-21.503916,2025-09-14,2026-08-10,Water
-52.029837,-21.495292,2025-09-14,2026-08-10,Water
-52.031993,-21.499604,2025-09-14,2026-08-10,Water
-52.021214,-21.452173,2025-09-14,2026-08-10,Water
-52.064333,-21.506072,2025-09-14,2026-08-10,Water
-52.021214,-21.484513,2025-09-14,2026-08-10,Water
-52.025525,-21.506072,2025-09-14,2026-08-10,Water
-52.019058,-21.488824,2025-09-14,2026-08-10,Water
-52.038461,-21.50176,2025-09-14,2026-08-10,Water
-52.021214,-21.510384,2025-09-14,2026-08-10,Water
-52.014746,-21.471577,2025-09-14,2026-08-10,Water
-52.01259,-21.499604,2025-09-14,2026-08-10,Water
-52.036305,-21.484513,2025-09-14,2026-08-10,Water
-52.060021,-21.50176,2025-09-14,2026-08-10,Water
-52.036305,-21.493136,2025-09-14,2026-08-10,Water
-52.038461,-21.506072,2025-09-14,2026-08-10,Water
-52.014746,-21.480201,2025-09-14,2026-08-10,Water
-52.01259,-21.486669,2025-09-14,2026-08-10,Water
-52.010434,-21.43277,2025-09-14,2026-08-10,Water
-52.016902,-21.467265,2025-09-14,2026-08-10,Water
-52.023369,-21.467265,2025-09-14,2026-08-10,Water
-52.025525,-21.50176,2025-09-14,2026-08-10,Water
-52.031993,-21.497448,2025-09-14,2026-08-10,Water
-52.040617,-21.503916,2025-09-14,2026-08-10,Water
-52.016902,-21.506072,2025-09-14,2026-08-10,Water
-52.027681,-21.482357,2025-09-14,2026-08-10,Water
-52.060021,-21.503916,2025-09-14,2026-08-10,Water
-52.014746,-21.475889,2025-09-14,2026-08-10,Water
-52.031993,-21.503916,2025-09-14,2026-08-10,Water
-52.040617,-21.486669,2025-09-14,2026-08-10,Water
-52.031993,-21.486669,2025-09-14,2026-08-10,Water
-52.031993,-21.473733,2025-09-14,2026-08-10,Water
-52.010434,-21.460797,2025-09-14,2026-08-10,Water
-52.019058,-21.499604,2025-09-14,2026-08-10,Water
-52.023369,-21.499604,2025-09-14,2026-08-10,Water
-52.010434,-21.443549,2025-09-14,2026-08-10,Water
-52.029837,-21.473733,2025-09-14,2026-08-10,Water
-52.025525,-21.460797,2025-09-14,2026-08-10,Water
-52.051397,-21.50176,2025-09-14,2026-08-10,Water
-52.010434,-21.469421,2025-09-14,2026-08-10,Water
-52.021214,-21.447861,2025-09-14,2026-08-10,Water
-52.029837,-21.50176,2025-09-14,2026-08-10,Water
-52.062177,-21.495292,2025-09-14,2026-08-10,Water
-52.031993,-21.475889,2025-09-14,2026-08-10,Water
-52.010434,-21.51254,2025-09-14,2026-08-10,Water
-52.144103,-21.49098,2025-09-14,2026-08-10,Soybean
-52.131167,-21.437082,2025-09-14,2026-08-10,Soybean
-52.124699,-21.445705,2025-09-14,2026-08-10,Soybean
-52.169975,-21.454329,2025-09-14,2026-08-10,Soybean
-52.150571,-21.467265,2025-09-14,2026-08-10,Soybean
-52.135479,-21.475889,2025-09-14,2026-08-10,Soybean
-52.176442,-21.452173,2025-09-14,2026-08-10,Soybean
-52.163507,-21.458641,2025-09-14,2026-08-10,Soybean
-52.124699,-21.465109,2025-09-14,2026-08-10,Soybean
-52.148415,-21.482357,2025-09-14,2026-08-10,Soybean
-52.133323,-21.437082,2025-09-14,2026-08-10,Soybean
-52.120388,-21.460797,2025-09-14,2026-08-10,Soybean
-52.167819,-21.450017,2025-09-14,2026-08-10,Soybean
-52.118232,-21.467265,2025-09-14,2026-08-10,Soybean
-52.122543,-21.462953,2025-09-14,2026-08-10,Soybean
-52.165663,-21.469421,2025-09-14,2026-08-10,Soybean
-52.165663,-21.456485,2025-09-14,2026-08-10,Soybean
-52.202314,-21.452173,2025-09-14,2026-08-10,Soybean
-52.141947,-21.430614,2025-09-14,2026-08-10,Soybean
-52.195846,-21.441393,2025-09-14,2026-08-10,Soybean
-52.139791,-21.437082,2025-09-14,2026-08-10,Soybean
-52.139791,-21.49098,2025-09-14,2026-08-10,Soybean
-52.20447,-21.452173,2025-09-14,2026-08-10,Soybean
-52.141947,-21.473733,2025-09-14,2026-08-10,Soybean
-52.146259,-21.484513,2025-09-14,2026-08-10,Soybean
-52.144103,-21.488824,2025-09-14,2026-08-10,Soybean
-52.133323,-21.441393,2025-09-14,2026-08-10,Soybean
-52.144103,-21.434926,2025-09-14,2026-08-10,Soybean
-52.154883,-21.469421,2025-09-14,2026-08-10,Soybean
-52.135479,-21.478045,2025-09-14,2026-08-10,Soybean
-52.126855,-21.456485,2025-09-14,2026-08-10,Soybean
-52.146259,-21.469421,2025-09-14,2026-08-10,Soybean
-52.150571,-21.462953,2025-09-14,2026-08-10,Soybean
-52.146259,-21.471577,2025-09-14,2026-08-10,Soybean
-52.118232,-21.447861,2025-09-14,2026-08-10,Soybean
-52.129011,-21.439237,2025-09-14,2026-08-10,Soybean
-52.198002,-21.441393,2025-09-14,2026-08-10,Soybean
-52.167819,-21.471577,2025-09-14,2026-08-10,Soybean
-52.154883,-21.462953,2025-09-14,2026-08-10,Soybean
-52.144103,-21.486669,2025-09-14,2026-08-10,Soybean
-52.174286,-21.452173,2025-09-14,2026-08-10,Soybean
-52.133323,-21.439237,2025-09-14,2026-08-10,Soybean
-52.131167,-21.482357,2025-09-14,2026-08-10,Soybean
-52.152727,-21.482357,2025-09-14,2026-08-10,Soybean
-52.150571,-21.480201,2025-09-14,2026-08-10,Soybean
-52.137635,-21.482357,2025-09-14,2026-08-10,Soybean
-52.141947,-21.437082,2025-09-14,2026-08-10,Soybean
-52.144103,-21.437082,2025-09-14,2026-08-10,Soybean
-52.131167,-21.458641,2025-09-14,2026-08-10,Soybean
-52.141947,-21.43277,2025-09-14,2026-08-10,Soybean
-52.118232,-21.445705,2025-09-14,2026-08-10,Soybean
-52.120388,-21.450017,2025-09-14,2026-08-10,Soybean
-52.118232,-21.450017,2025-09-14,2026-08-10,Soybean
-52.141947,-21.471577,2025-09-14,2026-08-10,Soybean
-52.139791,-21.430614,2025-09-14,2026-08-10,Soybean
-52.135479,-21.482357,2025-09-14,2026-08-10,Soybean
-52.131167,-21.439237,2025-09-14,2026-08-10,Soybean
-52.202314,-21.441393,2025-09-14,2026-08-10,Soybean
-52.150571,-21.486669,2025-09-14,2026-08-10,Soybean
-52.206626,-21.454329,2025-09-14,2026-08-10,Soybean
-52.122543,-21.450017,2025-09-14,2026-08-10,Soybean
-52.137635,-21.434926,2025-09-14,2026-08-10,Soybean
-52.17213,-21.454329,2025-09-14,2026-08-10,Soybean
-52.202314,-21.454329,2025-09-14,2026-08-10,Soybean
-52.124699,-21.447861,2025-09-14,2026-08-10,Soybean
-52.167819,-21.465109,2025-09-14,2026-08-10,Soybean
-52.152727,-21.462953,2025-09-14,2026-08-10,Soybean
-52.150571,-21.484513,2025-09-14,2026-08-10,Soybean
-52.169975,-21.452173,2025-09-14,2026-08-10,Soybean
-52.167819,-21.452173,2025-09-14,2026-08-10,Soybean
-52.137635,-21.480201,2025-09-14,2026-08-10,Soybean
-52.161351,-21.458641,2025-09-14,2026-08-10,Soybean
-52.17213,-21.467265,2025-09-14,2026-08-10,Soybean
-52.167819,-21.469421,2025-09-14,2026-08-10,Soybean
-52.165663,-21.460797,2025-09-14,2026-08-10,Soybean
-52.144103,-21.430614,2025-09-14,2026-08-10,Soybean
-52.165663,-21.458641,2025-09-14,2026-08-10,Soybean
-52.124699,-21.462953,2025-09-14,2026-08-10,Soybean
-52.135479,-21.443549,2025-09-14,2026-08-10,Soybean
-52.208782,-21.452173,2025-09-14,2026-08-10,Soybean
-52.169975,-21.471577,2025-09-14,2026-08-10,Soybean
-52.131167,-21.454329,2025-09-14,2026-08-10,Soybean
-52.148415,-21.484513,2025-09-14,2026-08-10,Soybean
-52.129011,-21.458641,2025-09-14,2026-08-10,Soybean
-52.159195,-21.460797,2025-09-14,2026-08-10,Soybean
-52.200158,-21.450017,2025-09-14,2026-08-10,Soybean
-52.148415,-21.473733,2025-09-14,2026-08-10,Soybean
-52.131167,-21.478045,2025-09-14,2026-08-10,Soybean
-52.144103,-21.475889,2025-09-14,2026-08-10,Soybean
-52.17213,-21.469421,2025-09-14,2026-08-10,Soybean
-52.146259,-21.43277,2025-09-14,2026-08-10,Soybean
-52.124699,-21.450017,2025-09-14,2026-08-10,Soybean
-52.152727,-21.467265,2025-09-14,2026-08-10,Soybean
-52.157039,-21.467265,2025-09-14,2026-08-10,Soybean
-52.198002,-21.445705,2025-09-14,2026-08-10,Soybean
-52.137635,-21.488824,2025-09-14,2026-08-10,Soybean
-52.200158,-21.439237,2025-09-14,2026-08-10,Soybean
-52.129011,-21.452173,2025-09-14,2026-08-10,Soybean
-52.176442,-21.450017,2025-09-14,2026-08-10,Soybean
-52.200158,-21.443549,2025-09-14,2026-08-10,Soybean
-52.133323,-21.456485,2025-09-14,2026-08-10,Soybean
-52.139791,-21.471577,2025-09-14,2026-08-10,Soybean
-52.161351,-21.456485,2025-09-14,2026-08-10,Soybean
-52.133323,-21.478045,2025-09-14,2026-08-10,Soybean
-52.139791,-21.473733,2025-09-14,2026-08-10,Soybean
-52.141947,-21.475889,2025-09-14,2026-08-10,Soybean
-52.146259,-21.434926,2025-09-14,2026-08-10,Soybean
-52.195846,-21.443549,2025-09-14,2026-08-10,Soybean
-52.122543,-21.445705,2025-09-14,2026-08-10,Soybean
-52.167819,-21.467265,2025-09-14,2026-08-10,Soybean
-52.152727,-21.484513,2025-09-14,2026-08-10,Soybean
-52.152727,-21.441393,2025-09-14,2026-08-10,Soybean
-52.150571,-21.482357,2025-09-14,2026-08-10,Soybean
-52.126855,-21.454329,2025-09-14,2026-08-10,Soybean
-52.118232,-21.460797,2025-09-14,2026-08-10,Soybean
-52.150571,-21.465109,2025-09-14,2026-08-10,Soybean
-52.20447,-21.454329,2025-09-14,2026-08-10,Soybean
-52.17213,-21.447861,2025-09-14,2026-08-10,Soybean
-52.133323,-21.482357,2025-09-14,2026-08-10,Soybean
-52.154883,-21.467265,2025-09-14,2026-08-10,Soybean
-52.139791,-21.475889,2025-09-14,2026-08-10,Soybean
-52.144103,-21.469421,2025-09-14,2026-08-10,Soybean
-52.144103,-21.473733,2025-09-14,2026-08-10,Soybean
-52.144103,-21.43277,2025-09-14,2026-08-10,Soybean
-52.206626,-21.447861,2025-09-14,2026-08-10,Soybean
-52.133323,-21.443549,2025-09-14,2026-08-10,Soybean
-52.195846,-21.445705,2025-09-14,2026-08-10,Soybean
-52.180754,-21.462953,2025-09-14,2026-08-10,Soybean
-52.144103,-21.471577,2025-09-14,2026-08-10,Soybean
-52.131167,-21.480201,2025-09-14,2026-08-10,Soybean
-52.152727,-21.465109,2025-09-14,2026-08-10,Soybean
-52.157039,-21.462953,2025-09-14,2026-08-10,Soybean
-52.200158,-21.441393,2025-09-14,2026-08-10,Soybean
-52.139791,-21.486669,2025-09-14,2026-08-10,Soybean
-52.176442,-21.454329,2025-09-14,2026-08-10,Soybean
-52.163507,-21.462953,2025-09-14,2026-08-10,Soybean
-52.122543,-21.443549,2025-09-14,2026-08-10,Soybean
-52.148415,-21.480201,2025-09-14,2026-08-10,Soybean
-52.146259,-21.473733,2025-09-14,2026-08-10,Soybean
-52.135479,-21.439237,2025-09-14,2026-08-10,Soybean
-52.150571,-21.441393,2025-09-14,2026-08-10,Soybean
-52.137635,-21.49098,2025-09-14,2026-08-10,Soybean
-52.139791,-21.493136,2025-09-14,2026-08-10,Soybean
-52.174286,-21.454329,2025-09-14,2026-08-10,Soybean
-52.139791,-21.488824,2025-09-14,2026-08-10,Soybean
-52.19369,-21.441393,2025-09-14,2026-08-10,Soybean
-52.169975,-21.450017,2025-09-14,2026-08-10,Soybean
-52.174286,-21.447861,2025-09-14,2026-08-10,Soybean
-52.131167,-21.443549,2025-09-14,2026-08-10,Soybean
-52.141947,-21.488824,2025-09-14,2026-08-10,Soybean
-52.137635,-21.450017,2025-09-14,2026-08-10,Soybean
-52.129011,-21.441393,2025-09-14,2026-08-10,Soybean
-52.146259,-21.475889,2025-09-14,2026-08-10,Soybean
-52.141947,-21.493136,2025-09-14,2026-08-10,Soybean
-52.122543,-21.465109,2025-09-14,2026-08-10,Soybean
-52.17213,-21.450017,2025-09-14,2026-08-10,Soybean
-52.157039,-21.465109,2025-09-14,2026-08-10,Soybean
-52.133323,-21.475889,2025-09-14,2026-08-10,Soybean
-52.120388,-21.467265,2025-09-14,2026-08-10,Soybean
-52.118232,-21.462953,2025-09-14,2026-08-10,Soybean
-52.152727,-21.443549,2025-09-14,2026-08-10,Soybean
-52.118232,-21.465109,2025-09-14,2026-08-10,Soybean
-52.154883,-21.465109,2025-09-14,2026-08-10,Soybean
-52.141947,-21.49098,2025-09-14,2026-08-10,Soybean
-52.198002,-21.439237,2025-09-14,2026-08-10,Soybean
-52.163507,-21.456485,2025-09-14,2026-08-10,Soybean
-52.174286,-21.450017,2025-09-14,2026-08-10,Soybean
-52.135479,-21.480201,2025-09-14,2026-08-10,Soybean
-52.141947,-21.486669,2025-09-14,2026-08-10,Soybean
-52.120388,-21.443549,2025-09-14,2026-08-10,Soybean
-52.146259,-21.482357,2025-09-14,2026-08-10,Soybean
-52.19369,-21.443549,2025-09-14,2026-08-10,Soybean
-52.152727,-21.469421,2025-09-14,2026-08-10,Soybean
-52.152727,-21.480201,2025-09-14,2026-08-10,Soybean
-52.139791,-21.434926,2025-09-14,2026-08-10,Soybean
-52.195846,-21.439237,2025-09-14,2026-08-10,Soybean
-52.163507,-21.460797,2025-09-14,2026-08-10,Soybean
-52.141947,-21.447861,2025-09-14,2026-08-10,Soybean
-52.122543,-21.467265,2025-09-14,2026-08-10,Soybean
-52.150571,-21.478045,2025-09-14,2026-08-10,Soybean
-52.120388,-21.445705,2025-09-14,2026-08-10,Soybean
-52.137635,-21.437082,2025-09-14,2026-08-10,Soybean
-52.135479,-21.441393,2025-09-14,2026-08-10,Soybean
-52.169975,-21.465109,2025-09-14,2026-08-10,Soybean
-52.17213,-21.452173,2025-09-14,2026-08-10,Soybean
-52.150571,-21.445705,2025-09-14,2026-08-10,Soybean
-52.141947,-21.452173,2025-09-14,2026-08-10,Soybean
-52.198002,-21.443549,2025-09-14,2026-08-10,Soybean
-52.200158,-21.452173,2025-09-14,2026-08-10,Soybean
-52.141947,-21.469421,2025-09-14,2026-08-10,Soybean
-52.17213,-21.465109,2025-09-14,2026-08-10,Soybean
-52.141947,-21.434926,2025-09-14,2026-08-10,Soybean
-52.122543,-21.460797,2025-09-14,2026-08-10,Soybean
-52.159195,-21.456485,2025-09-14,2026-08-10,Soybean
-52.159195,-21.458641,2025-09-14,2026-08-10,Soybean
-52.148415,-21.471577,2025-09-14,2026-08-10,Soybean
-52.150571,-21.439237,2025-09-14,2026-08-10,Soybean
-52.161351,-21.460797,2025-09-14,2026-08-10,Soybean
-52.139791,-21.452173,2025-09-14,2026-08-10,Soybean
-52.137635,-21.478045,2025-09-14,2026-08-10,Soybean
